Location,Code
"Aalborg, Denmark ",AAL
"Aalesund, Norway ",AES
"Aarhus, Denmark - Bus service ",ZID
"Aarhus, Denmark - Tirstrup ",AAR
"Aasiaat, Greenland ",JEG
"Abadan, Iran ",ABD
"Abakan, Russia ",ABA
"Abbotsford, BC ",YXX
"Aberdeen, SD ",ABR
"Aberdeen, United Kingdom ",ABZ
"Abha, Saudi Arabia ",AHB
"Abidjan, Cote d'Ivoire ",ABJ
"Abilene, TX ",ABI
"Abu Dhabi, United Arab Emirates ",AUH
"Abu Simbel, Egypt ",ABS
"Abuja, Nigeria ",ABV
"Acapulco, Mexico ",ACA
"Acarigua, Venezuela ",AGV
"Accra, Ghana ",ACC
"Adak Island, AK ",ADK
"Adana, Turkey ",ADA
"Addis Ababa, Ethopia ",ADD
"Adelaide, Australia ",ADL
"Aden, Yemen ",ADE
"Adler/Sochi, Russia ",AER
"Adrar, Algeria ",AZR
"Afutara, Soloman Islands ",AFT
"Agadir, Morocco ",AGA
"Agartala, India ",IXA
"Agaun, Papua New Guinea ",AUP
"Agen, France ",AGF
"Agra, India ",AGR
"Agri, Turkey ",AJI
"Aguadilla, Puerto Rico ",BQN
"Aguascalientes, Mexico ",AGU
"Aguni, Japan ",AGJ
"Ahmedabad, India ",AMD
"Ahwaz, Iran ",AWZ
"Ailuk Island, Marshall Islands ",AIM
"Aioun El Atrouss, Mauritania ",AEO
"Airok, Marshall Islands ",AIC
"Aitutaki, Cook Islands ",AIT
"Aizawl, India ",AJL
"Ajaccio, France ",AJA
"Akiachak, AK ",KKI
"Akiak, AK ",AKI
"Akita, Japan ",AXT
"Akron/Canton, OH ",CAK
"Aksu, China ",AKU
"Aktyubinsk, Kazakhstan ",AKX
"Akulivik, QC ",AKV
"Akureyri, Iceland ",AEY
"Akuton, AK ",KQA
"Al Ain, United Arab Emirates ",AAN
"Al Arish, Egypt ",AAC
"Al Ghaydah, Yemen ",AAY
"Al Hoceima, Morocco ",AHU
"Alakanuk, AK ",AUK
"Alamogordo, NM ",ALM
"Alamosa, CO ",ALS
"Al-Baha, Saudi Arabia ",ABT
"Albany, NY ",ALB
"Albany, OR - Bus service ",CVO
"Albany, OR - Bus service ",QWY
"Albuquerque, NM ",ABQ
"Albury, Australia ",ABX
"Alderney, United Kingdom ",ACI
"Aldershot, ON - Rail service ",XLY
"Aleknagik, AK ",WKK
"Aleppo, Syrian Arab Republic ",ALP
"Alexander Bay, South Africa ",ALJ
"Alexandria, Egypt ",ALY
"Alexandria, LA ",AEX
"Alexandria,ON - Rail service ",XFS
"Alexandroupolis, Greece ",AXD
"Al-Fujairah, United Arab Emirates ",FJR
"Alghero, Italy ",AHO
"Algiers, Algeria ",ALG
"Alicante, Spain ",ALC
"Alice Springs, Australia ",ASP
"Allakaket, AK ",AET
"Allentown, PA ",ABE
"Alliance, NE ",AIA
"Alma, QC ",YTF
"Almaty, Kazakhstan ",AKX
"Almeria, Spain ",LEI
"Alor Island, Indonesia ",ARD
"Alorsetar, Malaysia ",AOR
"Alotau, Papua New Guinea ",GUR
"Alpena, MI ",APN
"Alta, Norway ",ALF
"Altamira, Brazil ",ATM
"Altay, China ",AAT
"Altenrhein, Switzerland ",ACH
"Alto Rio Senguerr, Argentina ",ARR
"Altoona, PA ",AOO
"Amami O Shima, Japan ",ASJ
"Amarillo, TX ",AMA
"Amazon Bay, Papua New Guinea ",AZB
"Ambanja, Madagascar ",IVA
"Ambatomainty, Madagascar ",AMY
"Ambatondrazaka, Madagascar ",WAM
"Ambler, AK ",ABL
"Ambon, Indonesia ",AMQ
"Amboseli, Kenya ",ASV
"Amderma, Russia ",AMV
"Amman, Jordan - Civil/Marka Airport ",ADJ
"Amman, Jordan - Queen Alia International ",AMM
"Amritsar, India ",ATQ
"Amsterdam, Netherlands ",AMS
"Anadyr, Russia ",DYR
"Anahim Lake, BC ",YAA
"Anaktueuk, AK ",AKP
"Analalava, Madagascar ",HVA
"Anapa, Russia ",AAQ
"Anchorage, AK ",ANC
"Ancona, Italy ",AOI
"Andenes, Norway ",ANX
"Andizhan, Uzbekistan ",AZN
"Aneityum, Vanuatu ",AUY
"Angelholm/Helsingborg, Sweden ",JHE
"Angers, France - Marce ",ANE
"Angers, France - Rail service ",QXG
"Anggi, Indonesia ",AGD
"Anging, China ",AQG
"Angling Lake, ON ",YAX
"Angoon, AK ",AGN
"Angouleme, France ",ANG
"Anguilla, Anguilla ",AXA
"Aniak, AK ",ANI
"Aniwa, Vanuatu ",AWD
"Ankang, China ",AKA
"Ankara, Turkey - Esenboga ",ESB
"Ankara, Turkey - Etimesqut ",ANK
"Ankavandra, Madagascar ",JVA
"Annaba, Algeria ",AAE
"Annecy, France ",NCY
"Antalaha, Madagascar ",ANM
"Antalya, Turkey ",AYT
"Antaninvarivo, Madgascar ",TNR
"Antigua, Antigua and Barbuda ",ANU
"Antofagasta, Chile ",ANF
"Antsalova, Madagascar ",WAQ
"Antsiranana, Madagascar ",DIE
"Antsohihy, Madagascar ",WAI
"Antwerp, Belgium - Bus service ",ZAY
"Antwerp, Belgium - Deurne Airport ",ANR
"Anvik, AK ",ANV
"Aomori, Japan ",AOJ
"Aosta, Italy ",AOT
"Apartado, Colombia ",APO
"Apia, Western Samoa ",APW
"Apia, Western Samoa ",FGI
"Appleton, WI ",ATW
"Aqaba, Jordan ",AQJ
"Araca, Brazil ",AJU
"Aracatuba, Brazil ",ARU
"Arad, Romania ",ARW
"Aragip, Papua New Guinea ",ARP
"Araguaina, Brazil ",AUX
"Arapoti, Brazil ",AAG
"Arar, Saudi Arabia ",RAE
"Arauca, Colombia ",AUC
"Arba Mintch, Ethiopia ",AMH
"Arcata, CA ",ACV
"Arctic Bay, NU ",YAB
"Arctic Village, AK ",ARC
"Ardabil, Iran ",ADU
"Arequipa, Peru ",AQP
"Argelholm/Helsingborg, Sweden ",AGH
"Argyle, Australia ",GYL
"Arica, Chile ",ARI
"Arkangelsk, Russia ",ARH
"Armenia, Colombia ",AXM
"Armidale, Australia ",ARM
"Arthur's Town, Bahamas ",ATC
"Arua, Uganda ",RUA
"Aruba, Aruba ",AUA
"Arusha, Tanzania ",ARK
"Arviat, NU ",YEK
"Arvidsjaur, Sweden ",AJR
"Asahikawa, Japan ",AKJ
"Asheville, NC ",AVL
"Ashgabat, Turkmenistan ",ASB
"Ashland, KY/Huntington, WV ",HTS
"Asmara, Eritrea ",ASM
"Asosa, Ethopia ",ASO
"Aspen, CO ",ASE
"Assiut, Egypt ",ATZ
"Astana, Kazakhstan ",TSE
"Astrakhan, Russia ",ASF
"Asturias, Spain and Canary Islands ",OVD
"Asuncion, Paraguay ",ASU
"Aswan, Egypt ",ASW
"Ataq, Yemen ",AXK
"Athens, GA ",AHN
"Athens, Greece ",ATH
"Atiu Island, Cook Islands ",AIU
"Atka, AK ",AKB
"Atlanta, GA ",ATL
"Atlantic City, NJ ",AIY
"Atoifi, Solomon Islands ",ATD
"Atqasuk, AK ",ATK
"Attawapiskat, ON ",YAT
"Atuona, French Polynesia ",AUQ
"Atyrau, Kazakhstan ",GUW
"Auckland, New Zealand ",AKL
"Augsburg/Munich, Germany ",AGB
"Augusta, GA ",AGS
"Augusta, ME ",AUG
"Auki, Solomon Islands ",AKS
"Aupaluk, QC ",YPJ
"Aur Island, Marshall Islands ",AUL
"Aurangabad, India ",IXU
"Aurillac, France ",AUR
"Aurukun, Australia ",AUU
"Austin, TX ",AUS
"Avignon, France ",AVN
"Ayawaki, Indonesia ",AYW
"Ayers Rock, Australia ",AYQ
"Babo, Indonesia ",BXB
"Bacolod, Philippines ",BCD
"Badajcz, Spain ",BJZ
"Bade, Indonesia ",BXD
"Badu Island, Australia ",BDD
"Bagdogra, India ",IXB
"Bagotville, QC ",YBG
"Baharpar, Ethiopia ",BJR
"Bahawalpur, Pakistan ",BHV
"Bahia Blanca, Argentina ",BHI
"Bahia Pinas, Panama ",BFQ
"Bahia Solano, Colombia ",BSC
"Bahrain, Bahrain ",BAH
"Baia Mare, Romania ",BAY
"Baie Comeau, QC ",YBC
"Baimuru, Papua New Guinea ",VMU
"Baker Lake, NU ",YBK
"Bakersfield, CA ",BFL
"Baku, Azerbaijan ",GYD
"Balalae, Solomon Islands ",BAS
"Balikesir, Turkey ",BZI
"Balikpapan, Indonesia ",BPN
"Balimo, Papua New Guinea ",OPU
"Ballina, Australia ",BNK
"Balmaceda, Chile ",BBA
"Baltimore, MD ",BWI
"Bam, Iran ",BXR
"Bamaga, Australia ",ABM
"Bamako, Mali ",BKO
"Banda Aceh, Indonesia ",BTJ
"Bandar Abbas, Iran ",BND
"Bandar Lampung, Indonesia - Branti ",TKG
"Bandar Lengeh, Iran ",BDH
"Bandar Seri Begawan, Brunei ",BWN
"Bandung, Indonesia ",BDO
"Bangalore, India ",BLR
"Bangda, China ",BPX
"Bangkok, Thailand ",BKK
"Bangor, ME ",BGR
"Banja Luka, Bosnia Herzegovina ",BNX
"Banjarmasin, Indonesia ",BDJ
"Banjul, Gambia ",BJL
"Banmethuot, Viet Nam - Phung-Doc ",BMV
"Bannu, Pakistan ",BNP
"Banqui, Central African Republic ",BGF
"Baoshan, China ",BSD
"Baotou, China ",BAV
"Bar Harbour, ME ",BHB
"Baracoa, Cuba ",BCA
"Barcaldine, Australia ",BCI
"Barcelona, Spain ",BCN
"Barcelona, Venezuela ",BLA
"Bardufoss, Norway ",BDU
"Bari, Italy ",BRI
"Barinas, Venezuela ",BNS
"Bario, Malaysia ",BBN
"Barisal, Bangladesh ",BZL
"Barnaul, Russia ",BAX
"Barquisimeto, Venezuela ",BRM
"Barra Colorado, Costa Rica ",BCL
"Barra, United Kingdom ",BRR
"Barran Cabermeja, Colombia ",EJA
"Barranquilla, Colombia ",BAQ
"Barreiras, Brazil ",BRA
"Barrow, AK ",BRW
"Barter Island, AK ",BTI
"Basco, Philippines ",BSO
"Basel, Switzerland ",BSL
"Basel/Mulhouse Railway Station, Switzerland ",ZDH
"Bashehr, Iran ",BUZ
"Bastia, France ",BIA
"Batam, Indonesia ",BTH
"Bathhurst, NB ",ZBF
"Bathurst Island, Australia ",BRT
"Bathurst, Australia ",BHS
"Batman, Turkey ",BAL
"Batna, Algeria ",BLJ
"Batom, Indonesia ",BXM
"Baton Rouge, LA ",BTR
"Batsfijord, Norway ",BJF
"Battambang, Cambodia ",BBM
"Batumi, Georgia ",BUS
"Batuna, Solomon Islands ",BPF
"Bauru, Brazil ",BAU
"Bay City, MI ",MBS
"Bayamo, Cuba ",BYM
"Bayreuth, Germany ",BYU
"Bearskin Lake, ON ",XBE
"Beaumont/Port Arthur, TX ",BPT
"Beaver Creek, CO - Van service ",ZBV
"Beaver, AK ",WBQ
"Bechar, Algeria ",CBH
"Beckley, WV ",BKW
"Bedford, MA ",BED
"Bedourie, Australia ",BEU
"Beef Island, British Virgin Islands ",EIS
"Beica, Ethiopia ",BEI
"Beida, Libya - La Braq ",LAQ
"Beihai, China ",BHY
"Beijing, China ",PEK
"Beira, Mozambique ",BEW
"Beirut, Lebanon ",BEY
"Bejaia, Algeria ",BJA
"Belaga, Mozambique ",BLG
"Belem, Brazil ",BEL
"Belep Island, New Caledonia ",BMY
"Belfast, Northern Ireland, United Kingdom ",BFS
"Belfast, United Kingdom ",BHD
"Belgorod, Russia ",EGO
"Belgrade, Serbia and Montenegro - Beograd ",BEG
"Belize City, Belize - International ",BZE
"Belize City, Belize - Municipal ",TZA
"Bella Bella, BC ",ZEL
"Bella Coola, BC ",QBC
"Belleville, IL ",BLV
"Belleville, ON - Rail service ",XVV
"Bellingham, WA ",BLI
"Bellona, Solomon Islands ",BNY
"Belo Horizonte, Brazil - Pampulha ",PLU
"Belo Horizonte, Brazil - Tancredo Neves Intl. ",CNF
"Belo, Madagascar ",BMD
"Bemidji, MN ",BJI
"Benbecula, United Kingdom ",BEB
"Benghazi, Libya ",BEN
"Bengkulu, Indonesia ",BKS
"Benton Harbor, MI ",BEH
"Berau, Indonesia ",BEJ
"Berbera, Somalia ",BBO
"Berens River, MB ",YBV
"Bergen, Norway ",BGO
"Bergerac, France ",EGC
"Berlevag, Norway ",BVG
"Berlin, Germany - All airports ",BER
"Berlin, Germany - Schoenefeld ",SXF
"Berlin, Germany - Tegel ",TXL
"Berlin, Germany - Tempelhof ",THF
"Bermuda, Bermuda ",BDA
"Berne, Switzerland - Belp Airport ",BRN
"Berne, Switzerland - Rail service ",ZDJ
"Besalampy, Madagascar ",BPY
"Bethel, AK ",BET
"Bethlehem, PA ",ABE
"Bettles, AK ",BTT
"Beziers, France ",BZR
"Bhadrapur, Nepal ",BDP
"Bhairawa, Nepal ",BWA
"Bhamo, Myanmar ",BMO
"Bharatpur, Nepal ",BHR
"Bhavnagar, India ",BHU
"Bhopal, India ",BHO
"Bhubaneswar, India ",BBI
"Bhuj, India ",BHJ
"Biak, Indonesia ",BIK
"Biarritz, France ",BIQ
"Big Trout, ON ",YTL
"Bikini Atoll, Marshall Islands ",BII
"Bilbao, Spain ",BIO
"Billings, MT ",BIL
"Billund, Denmark ",BLL
"Biloxi/Gulfport, MS ",GPT
"Bima, Indonesia ",BMU
"Bimini, Bahamas ",BIM
"Bimini, Bahamas ",NSB
"Binghamton, NY ",BGM
"Bintulu, Malaysia ",BTU
"Bintuni, Indonesia ",NTI
"Biratragar, Nepal ",BIR
"Birch Creek, AK ",KBC
"Birdsville, Australia ",BVI
"Birmingham, AL ",BHM
"Birmingham, United Kingdom ",BHX
"Bisha, Saudi Arabia ",BHH
"Bishkek, Kyrgyzstan ",FRU
"Biskra, Algeria ",BSK
"Bismarck, ND ",BIS
"Bissau, Guinea-Bissau ",OXB
"Black Tickle, NL ",YBI
"Blackall, Australia ",BKQ
"Blackpool, United Kingdom ",BLK
"Blackwater, Australia ",BLT
"Blagoveschensk, Russia ",BQS
"Blanc Sablon, QC ",YBX
"Blantyre, Malawi ",BLZ
"Blenheim, New Zealand ",BHE
"Blo Horizonte, Brazil ",CNF
"Block Island, RI ",BID
"Bloemfontein, South Africa ",BFN
"Bloomington, IL ",BMI
"Bluefield, WV ",BLF
"Boa Vista, Cape Verde ",BVC
"Boang, Papua New Guinea ",BOV
"Boavista, Brazil ",BVB
"Bocas Del Toro, Panama ",BOC
"Bodo, Norway ",BOO
"Bodrum, Turkey ",BJV
"Bogota, Colombia ",BOG
"Boiju Island, Australia ",GIC
"Boise, ID ",BOI
"Bojnord, Iran ",BJB
"Bokondini, Indonesia ",BUI
"Bol, Croatia ",BWK
"Bolzano, Italy ",BZO
"Boma, Congo ",BOA
"Bombay, India ",BOM
"Bonaire, Netherlands Antilles ",BON
"Bonaventure, QC ",YVB
"Bonn, Germany ",BNJ
"Bora Bora, French Polynesia ",BOB
"Bordeaux, France ",BOD
"Borg El Arab, Egypt ",HBE
"Borkum, Germany ",BMK
"Borlange, Sweden ",BLE
"Bornholm, Denmark ",RNN
"Borroloola, Australia ",BOX
"Bossaro, Somalia ",BSA
"Boston, MA ",BOS
"Boulder, CO - Bus service ",XHH
"Boulder, CO - Hiltons Har H ",WHH
"Boulder, CO - Municipal Airport ",WBU
"Boulia, Australia ",BQL
"Boundary, AK ",BYA
"Bourgas, Bulgaria ",BOJ
"Bourke, Australia ",BRK
"Bournemouth, United Kingdom ",BOH
"Bowling Green, KY ",BWG
"Bozeman, MT ",BZN
"Brack, Libya ",BCQ
"Bradford, PA ",BFD
"Brainerd, MN ",BRD
"Brampton Island, Australia ",BMP
"Brampton, ON - Rail service ",XPN
"Brandon, MB ",YBR
"Brantford, ON - Rail service ",XFV
"Brasilia, DF, Brazil ",BSB
"Bratislava, Slovakia ",BTS
"Bratsk, Russia ",BTK
"Braunschweig, Denmark ",BWE
"Brawnwood, TX ",BWD
"Brazzaville, Congo ",BZV
"Breckenridge, CO - Van service ",QKB
"Bremen, Germany ",BRE
"Brest, France ",BES
"Brewarrina, Australia ",BWQ
"Bridgetown, Barbados ",BGI
"Brindisi, Italy ",BDS
"Brisbane, Queensland, Australia ",BNE
"Bristol, United Kingdom ",BRS
"Bristol, VA ",TRI
"Brive-La-Gaillarde, France - Laroche",BVE
"Brno, Czech Republic - Bus service ",ZDN
"Brno, Czech Republic - Turany ",BRQ
"Brochet, MB ",YBT
"Brockville, ON ",XBR
"Broken Hill, Australia ",BHQ
"Bronnoysund, Norway ",BNN
"Brookings, SD ",BKX
"Brooks Lodge, AK ",RBH
"Broome, Australia ",BME
"Brownsville, TX ",BRO
"Brunswick, GA ",BQK
"Brus Laguna, Honduras ",BHG
"Brussels, Belgium - National ",BRU
"Brussels, Belgium - Rail service ",ZYR
"Brussels, Belguim - Charleroi ",CRL
"Bucaramanga, Colombia ",BGA
"Bucharest, Romania - Baneasa ",BBU
"Bucharest, Romania - Otopeni International ",OTP
"Buckland, AK ",BKC
"Budapest, Hungary ",BUD
"Buenos Aires, Argentina - Jorge Newbery ",AEP
"Buenos Aires, Argentina - Ministro Pistarini ",EZE
"Buffalo, NY ",BUF
"Bugulma, Russia ",UUA
"Bujumbura, Burundi ",BJM
"Buka, Papua New Guinea ",BUA
"Bukhara, Uzbekistan ",BHK
"Bukoba, Malaysia ",BKZ
"Bulawayo, Zimbabwe ",BUQ
"Bulgulma, Russia ",UUA
"Bullhead City/Laughlin, AZ ",IFP
"Bundaberg, Australia ",BDB
"Bunsil, Papua New Guinea ",BXZ
"Burao, Somalia ",BUO
"Burbank, CA ",BUR
"Bureta, Fiji ",LEV
"Buri Ram, Thailand ",BFV
"Burketown, Australia ",BUC
"Burlington, IA ",BRL
"Burlington, VT ",BTV
"Burnie, Australia ",BWT
"Burns Lake, BC ",YPZ
"Busan, South Korea - Gimhae ",PUS
"Butte, MT ",BTM
"Butuan, Philippines ",BXU
"Bydgoszcz, Poland ",BZG
"Cabo San Lucas, 'Los Cabos', Mexico ",SJD
"Caen, France ",CFR
"Cagayan De Oro, Philippines - Lumbia ",CGY
"Cagliari, Italy ",CAG
"Cairns, Australia ",CNS
"Cairo, Egypt ",CAI
"Cajamarca, Peru ",CJA
"Calabar, Nigeria ",CBQ
"Calama, Chile ",CJC
"Calcutta, India ",CCU
"Calgary, AB ",YYC
"Cali, Colombia ",CLO
"Calvi, France ",CLY
"Camaguey, Cuba ",CMW
"Cambridge Bay, NU ",YCB
"Cambridge, United Kingdom ",CBG
"Camodoro, Argentina ",CRD
"Campbell River, BC ",YBL
"Campbellton, NB - Rail service ",XAZ
"Campbeltown, United Kingdom ",CAL
"Campeche, Mexico ",CPE
"Campina Grande, Brazil ",CPV
"Campinas, Brazil ",CPQ
"Campo Grande, Brazil ",CGR
"Campos, Brazil ",CAW
"Canaima, Venezuela ",CAS
"Canberra, Australia ",CBR
"Cancun, Mexico ",CUN
"Cannes, France - Coisette Heliport ",JCA
"Cannes, France - Mandelieu ",CEQ
"Cannes, France - Vieux Port ",QYW
"Canouan, Saint Vincent and the Grenadines ",CIW
"Canton/Akron, OH ",CAK
"Cap Haitien, Haiti ",CAP
"Cape Dorset, NU ",YTE
"Cape Girardeau, MO ",CGI
"Cape Lisburne, AK ",LUR
"Cape Newenham, AK ",EHM
"Cape Orford, Papua New Guinea ",CPI
"Cape Town, South Africa ",CPT
"Cape Vogel, Papua New Guinea ",CVL
"Capreol, ON - Rail service ",XAW
"Caracas, Venezuela ",CCS
"Carajas, Brazil ",CKS
"Carbondale, IL ",MDH
"Carcassonne, France ",CCF
"Cardiff, United Kingdom ",CWL
"Carlsbad, CA ",CLD
"Carlsbad, NM ",CNM
"Carmel, CA ",MRY
"Carnarvon, Australia ",CVQ
"Carrillo, Costa Rica ",RIK
"Cartagena, Colombia ",CTG
"Cartwright, NL ",YRF
"Carupani, Venezuela ",CUP
"Casablanca, Morocco - Anfa ",CAS
"Casablanca, Morocco - Mohamed V ",CMN
"Cascavel, Brazil ",CAC
"Casino, Australia ",CSI
"Casper, WY ",CPR
"Casselman, ON - Rail service ",XZB
"Castaway, Fiji ",CST
"Castlegar, BC ",YCG
"Castres, France ",DCM
"Cat Lake, ON ",YAC
"Catamarca, Argentina ",CTC
"Catania, Italy ",CTA
"Caucasia, Colombia ",CAQ
"Caxias Do Sul, Brazil ",CXJ
"Cayenne, French Guiana ",CAY
"Cayman Brac Is, Cambodia ",CYB
"Cayo Largo Del Sur, Cuba ",CYO
"Cebu, Philippines - Matan International ",CEB
"Cedar City, UT ",CDC
"Cedar Rapids, IA ",CID
"Cedun, Australia ",CED
"Central, AK ",CEM
"Ceuta, Spain and Canary Islands ",JCU
"Chadron, NE ",CDR
"Chah-Bahar, Iran ",ZBR
"Chalkyitsik, AK ",CIK
"Chambery, France ",CMF
"Chambord, QC - Rail service ",XCI
"Champaign/Urbana, IL ",CMI
"Chandigarh, India ",IXC
"Chandler, QC - Rail service ",XDL
"Changchun, China ",CGQ
"Changde, China ",CGD
"Changuinda, Panama ",CHX
"Changzhou, China ",CZX
"Chania, Greece ",CHQ
"Chaoyang, China ",CHG
"Chapeco, Brazil ",XAP
"Chapleau, ON ",YLD
"Charleston, SC ",CHS
"Charleston, WV ",CRW
"Charleville, Australia ",CTL
"Charlotte, NC ",CLT
"Charlottesville, VA ",CHO
"Charlottetown, NL ",YHG
"Charlottetown, PE ",YYG
"Chatham Island, New Zealand ",CHT
"Chatham, ON ",XCM
"Chattanooga, TN ",CHA
"Cheboksary, Russia ",CSY
"Chefornak, AK ",CYF
"Chelybinsk, Russia ",CEK
"Chemainus, BC - Rail service ",XHS
"Chennai, India ",MAA
"Cheongju, South Korea ",CJJ
"Cherepovets, Russia ",CEE
"Chergdu, China ",CTU
"Chester, United Kingdom ",CEG
"Chesterfield Inlet, NU ",YCS
"Chetumal, Mexico ",CTM
"Chevak, AK ",VAK
"Chevepovets, Russia ",CEE
"Chevery, QC ",YHR
"Cheyenne, WY ",CYS
"Chi Mei, Taiwan ",CMJ
"Chiang Mai, Thailand ",CNX
"Chiang Rai, Thailand ",CEI
"Chiayi, Taiwan ",CYI
"Chibougamau, QC ",YMT
"Chicago, IL - All airports ",CHI
"Chicago, IL - Midway ",MDW
"Chicago, IL - O'Hare ",ORD
"Chicayo, Peru ",CIX
"Chicken, AK ",CKX
"Chico, CA ",CIC
"Chifeng, China ",CIF
"Chignik, AK - ",KCQ
"Chignik, AK - Fisheries ",KCG
"Chignik, AK - Lagoon ",KCL
"Chihuahua, Mexico ",CUU
"Chillan, Chile ",YAI
"Chipata, Zambia ",CIP
"Chisana, AK ",CZN
"Chisasibi, QC ",YKU
"Chisholm/Hibbing, MN ",HIB
"Chisinau, Republic of Moldova ",KIV
"Chita, Russia ",HTA
"Chitral, Pakistan ",CJL
"Chitre, Panama ",CTD
"Chittagong, Bangladesh ",CGP
"Choiseul Bay, Solomon Islands ",CHY
"Chongqing, China ",CKG
"Christchurch, New Zealand ",CHC
"Christmas Island, Christmas Island ",XCH
"Chuathbaluk, AK ",CHU
"Churchill Falls, NL ",ZUM
"Churchill, MB ",YYQ
"Churchill, MB - Rail service ",XAD
"Cicia, Fiji ",ICI
"Ciego De Avila, Cuba ",AVI
"Cincinnati, OH ",CVG
"Circle Hot Springs, AK ",CHP
"Circle, AK ",IRC
"Ciudad Bolivar, Venezuela ",CBL
"Ciudad Del Carmen, Mexico ",CME
"Ciudad del Este, Paraguay ",AGT
"Ciudad Juarez, Mexico ",CJS
"Ciudad Obregon, Mexico ",CEN
"Ciudad Victoria, Mexico ",CVM
"Clarks Point, AK ",CLP
"Clarksburg, WV ",CKB
"Clearwater/St Petersburg, FL ",PIE
"Clermont-ferrand, France ",CFE
"Cleve, Australia ",CVC
"Cleveland, OH ",CLE
"Cloncurry, Australia ",CNJ
"Clovis, NM ",CVN
"Club Makokola, Malawi ",CMK
"Cluj, Romania ",CLJ
"Clyde River, NU ",YCY
"Cobar, Australia ",CAZ
"Cobija, Bolivia ",CIJ
"Cobourg, ON - Rail service ",XGJ
"Cochabamba, Bolivia ",CBB
"Cochin, India ",COK
"Coconut Island, Australia ",CNC
"Cocos Islands, Cocos ",Keeling
"Cody/Yellowstone, WY ",COD
"Coen, Australia ",CUQ
"Coffee Point, AK ",CFA
"Coffman Cove, AK ",KCC
"Coffs Harbor, Australia ",CFS
"Coimbatore, India ",CJB
"Cold Bay, AK ",CDB
"Colima, Mexico ",CLQ
"College Station, TX ",CLL
"Cologne, Germany - Cologne/Bonn ",CGN
"Cologne, Germany - Rail service ",QKL
"Colombo, Sri Lanka ",CMB
"Colon, Panama ",ONX
"Colorado Springs, CO ",COS
"Columbia, MO ",COU
"Columbia, SC ",CAE
"Columbus, GA ",CSG
"Columbus, MS ",GTR
"Columbus, OH ",CMH
"Colville Lake, NT ",YCK
"Comox, BC ",YQQ
"Conakry, Guinea ",CKY
"Concepcion, Chile ",CCP
"Concord, CA ",CCR
"Concordia, Argentina ",COC
"Concordia, KS ",CNK
"Condoto, Colombia ",COG
"Constanta, Romania ",CND
"Constantine, Algeria ",CZL
"Contadora, Panama ",OTD
"Coober Pedy, Australia ",CPD
"Cooktown, Australia ",CTN
"Cooma, NS, Australia ",OOM
"Coonamble, Australia ",CNB
"Copenhagen, Denmark ",CPH
"Copiapo, Chile ",CPO
"Copper Mountain, CO - Van service ",QCE
"Coral Harbour, NU ",YZS
"Cordoba, Argentina ",COR
"Cordova, AK ",CDV
"Cork, Ireland ",ORK
"Cornwall, ON ",YCC
"Coro, Venezuela ",CZE
"Corozal, Belize ",CZH
"Corpus Christi, TX ",CRP
"Corrientes, Argentina ",CNQ
"Cortez, CO ",CEZ
"Corumba, Brazil ",CMG
"Corvo Island, Portugal ",CVU
"Cotabato, Philippines ",CBO
"Cotarou, Benin ",COC
"Coteau, QC - Rail service ",XGK
"Courtenay, BC ",YCA
"Cox's Bazar, Bangladesh ",CXB
"Cozumel, Mexico ",CZM
"Craig Cove, Vanuatu ",CCV
"Craig, AK ",CGA
"Cranbrook, BC ",YXC
"Crescent City, CA ",CEC
"Criciuma, Brazil ",CCM
"Croker Island, Australia ",CKI
"Crooked Creek, AK ",CKO
"Crooked Island, Bahamas ",CRI
"Cross Lake, MB ",YCR
"Crotone, Italy ",CRV
"Cruzeiro Do Sul, Brazil ",CZS
"Cube Cove, AK ",CUW
"Cucata, Colombia ",CUC
"Cuenca, Ecuador ",CUE
"Cuernavaca, Mexico ",CVJ
"Cuiaba, Brazil ",CGB
"Culiacan, Mexico ",CUL
"Cumana, Venezuela ",CUM
"Cumberland, MD ",CBE
"Cunnamulla, Australia ",CMA
"Curacao, Netherlands Antilles ",CUR
"Curitiba, Brazil ",CWB
"Cuzco, Peru ",CUZ
"Da Nang, Viet Nam ",DAD
"Dabra, Indonesia ",DRH
"Daegu, South Korea ",TAE
"Dakar, Senegal ",DKR
"Dakhla, Morocco ",VIL
"Dalaman, Turkey ",DLM
"Dalat, Viet Nam - Lienkhang DLI)",
"Dali City, China ",DLU
"Dalian, China ",DLC
"Dallas, TX - Dallas/Ft Worth Intl. ",DFW
"Dallas, TX - Love Field ",DAL
"Damascus, Syrian Arab Republic ",DAM
"Dammam, Saudi Arabia ",DMM
"Dangriga, Belize ",DGA
"Dar Es Salaam, Tanzania ",DAR
"Darnley Island, QL, Australia ",NLF
"Daru, Papua New Guinea ",DAU
"Darwin, Northern Territory, Australia ",DRW
"Datadawai, Indonesia ",DTD
"Dauphin, MB ",YDN
"Davao, Philipines - Mati ",DVO
"David, Panama ",DAV
"Davis Inlet, NL ",YDI
"Dawe, Myanmar ",TVY
"Dawson City, YT ",YDA
"Dawson Creek, BC ",YDQ
"Daxian, China ",DAX
"Dayang, China ",DYG
"Daydream Is, Australia ",DDI
"Dayton, OH ",DAY
"Daytona Beach, FL ",DAB
"Deauville, France ",DOL
"Debra Marcos, Ethiopia ",DBM
"Debra Tabor, Ethiopia ",DBT
"Decatur, IL ",DEC
"Deer Lake, NL ",YDF
"Deer Lake, ON ",YVZ
"Deering, AK ",DRG
"Deirezzor, Syria - Al Jafrah ",DEZ
"Del Reo, TX ",DRT
"Delhi, India ",DEL
"Deline, NT ",YWJ
"Delta Junction, AK ",DJN
"Dembidollo, Ethiopia ",DEM
"Denham, Australia ",DNM
"Denizli, Turkey ",DNZ
"Denpasar Bali, Indonesia ",DPS
"Denver, CO - International ",DEN
"Denver, CO - Longmont Bus service ",QWM
"Dera Ghazi, Pakistan ",DEA
"Dera Ismail Khan, Pakistan ",DSK
"Derby, Australia ",DRB
"Derim, Papua New Guinea ",DER
"Des Moines, IA ",DSM
"Dessie, Ethiopia ",DSE
"Detroit, MI - All airports ",DTT
"Detroit, MI - Metro/Wayne County ",DTW
"Devil's Lake, ND ",DVL
"Devonport, Australia ",DPO
"Dhaka, Bangledesh - Zia International ",DAC
"Dibrugarn, India ",DIB
"Dickinson, ND ",DIK
"Dien Bien Phu, Viet Nam - Gialam ",DIN
"Dijon, France ",DIJ
"Dili, Indonesia ",DIL
"Dillingham, AK ",DLG
"Dillons Bay, Vanuata ",DLY
"Dimapur, India ",DMU
"Dinard, France ",DNR
"Dipolog, Philippines ",DPL
"Dire Dawa, Ethiopia ",DIR
"Div, India ",DIU
"Diyarbakir, Turkey ",DIY
"Djanet, Algeria ",DJG
"Djerba, Tunisia ",DJE
"Djibouti, Djibouti ",JIB
"Dnepropetrovsk, Ukraine ",DNK
"Dobo, Indonesia ",DOB
"Dodge City, KS ",DDC
"Dodoima, Papua New Guinea ",DDM
"Dodoma, Tanzania ",DOD
"Doha, Qatar ",DOH
"Dominica, Dominica - Cane Field ",DCF
"Dominica, Dominica - Melville Hall ",DOM
"Donegal, Ireland ",CFN
"Donetsk, Ukraine ",DOK
"Dongola, Sudan ",DOG
"Doomadgee, Australia ",DMD
"Dortmund, Germany ",DTM
"Dothan, AL ",DHN
"Dourados, Brazil ",DOU
"Dovala, Cameroon ",DLA
"Dresden, Germany ",DRS
"Drummondville, QC - Rail service ",XDM
"Dryden, ON ",YHD
"Dubai, United Arab Emirates - Bus Station ",XNB
"Dubai, United Arab Emirates - International ",DXB
"Dubbo, Australia ",DBO
"Dublin, Ireland ",DUB
"Dubois, PA ",DUJ
"Dubrovnik, Croatia ",DBV
"Dubuque, IA ",DBQ
"Duluth, MN ",DLH
"Dumaguete, Philippines ",DGT
"Dumai, Indonesia ",DUM
"Duncan/Quam, BC ",DUQ
"Dundee, United Kingdom ",DND
"Dunedin, New Zealand ",DUD
"Dunhuang, China ",DNH
"Dunk Island, Australia ",DKI
"Durango, CO ",DRO
"Durango, Mexico ",DGO
"Durban, South Africa ",DUR
"Durham, NC ",RDU
"Durham/Raleigh, NC ",RDU
"Dushanbe, Tajikistan ",DYU
"Dusseldorf, Germany - International ",DUS
"Dusseldorf, Germany - Moenchen-Gl. ",MGL
"Dusseldorf, Germany - Rail service ",QDU
"Dutch Harbor, AK ",DUT
"Dzaoudzi, Mayotte ",DZA
"East London, South Africa ",ELS
"East Main, QC ",ZEM
"Easton, PA ",ABE
"Eau Claire, WI ",EAU
"Ebon, Marshall Islands ",EBO
"Eday, United Kingdom ",EOI
"Edinburgh, United Kingdom ",EDI
"Edmonton, AB - International ",YEG
"Edmonton, AB - Rail service ",XZL
"Edna Bay, AK ",EDA
"Edremit, Turkey ",EDO
"Edward River, Australia ",EDR
"Eek, AK ",EEK
"Egilsstadir, Iceland ",EGS
"Eindhoven, Netherlands ",EIN
"Eisenach, Germany ",EIB
"Ekaterinburg, Russia ",SVX
"Ekuk, AK ",KKU
"Ekwok, AK ",KEK
"El Bolsan, Argentina ",EHL
"El Centro, CA ",IPL
"El Dorado, AR ",ELD
"El Fasher, Sudan ",ELF
"El Maiten, Argentina ",EMX
"El Obeid, Sudan ",EBD
"El Oved, Algeria ",ELU
"El Paso, TX ",ELP
"El Portillo/Samana, Dominician Republic - El Portillo",EPS
"El Real, Panama ",ELE
"El Salvador, Chile ",ESR
"El Vigia, Venezuela ",VIG
"El Yopal, Colombia ",EYP
"Elat, Italy ",ETH
"Elazig, Turkey ",EZS
"Elba Island, Italy ",EBA
"Elcho Island, Australia ",ELC
"Eldoret, Kenya ",EDL
"Eleuthera Island, Bahamas ",ELH
"Elfin Cove, AK ",ELV
"Elim, AK ",ELI
"Elista, Russia ",ESL
"Elko, NV ",EKO
"Elmira, NY ",ELM
"Ely, MN ",LYU
"Emae, Vanuata ",EAE
"Embessa, Papua New Guinea ",EMS
"Emerald, Australia ",EMD
"Emmonak, AK ",EMK
"Emo, Papua New Guinea ",EMO
"Enarotali, Indonesia ",EWI
"Ende, Indonesia ",ENE
"Endicott, NY ",BGM
"Enewetak Island, Marshall Islands ",ENT
"Enid, OK ",WDG
"Enontekio, Finland ",ENF
"Enshi, China ",ENH
"Entebbe, Uganda ",EBB
"Enugu, Nigeria ",ENU
"Epinal, France ",EPL
"Ercan, Cyprus ",ECN
"Erfurt, Germany ",ERF
"Erie, PA ",ERI
"Erzincan, Turkey ",ERC
"Erzurum, Turkey ",ERZ
"Esbjerg, Denmark - Esbjerg Airport ",EBJ
"Esbjerg, Denmark - Rail service ",ZBB
"Escanaba, MI ",ESC
"Esmeraldas, Ecuador ",ESM
"Esperance, Australia ",EPR
"Espiritu Santo, Vanuatu ",SON
"Esquel, Argentina ",EQS
"Esquimalt, BC ",YPF
"Eugene, OR ",EUG
"Eureka, NV ",EUE
"Eureka/Arcata, CA ",ACV
"Evansville, IN ",EVV
"Eveter, United Kingdom ",EXT
"Ewer, Indonesia ",EWE
"Exmouth Gulf, Australia ",EXM
"Fagernes, Norway ",VDB
"Fair Isle, United Kingdom ",FIE
"Fairbanks, AK ",FAI
"Faisalabad, Pakistan ",LYP
"Fajard, Puerto Rico ",FAJ
"Fak Fak, Indonesia ",FKQ
"Fakarava, French Polynesia ",FAV
"Farafangana, Madagascar ",RVA
"Fargo, ND ",FAR
"Farmington, NM ",FMN
"Faro, Portugal ",FAO
"Faroe Islands, Faroe Islands ",FAE
"Fayetteville, AR - Municipal/Drake ",FYV
"Fayetteville, AR - Northwest Arkansas Regional ",XNA
"Fayetteville, NC ",FAY
"Fera Island, Solomon Islands ",FRE
"Fergana, Uzbekistan ",FEG
"Fernando De Noronha, Brazil ",FEN
"Fez, Morocco ",FEZ
"Fianarantsoa, Madagascar ",WFI
"Figari, France ",FSC
"Filton, United Kingdom ",FZO
"Finkenwerder, Germany ",XFW
"Fitzroy Crossing, Australia ",FIZ
"Flagstaff, AZ ",FLG
"Flensburg, Germany ",FLF
"Flin Flon, MB ",YFO
"Flint, MI ",FNT
"Florence, Italy - Gal Galilei ",PSA
"Florence, Italy - Peretola ",FLR
"Florence, SC ",FLO
"Florence/Muscle Shoals/Sheffield, AL ",MSL
"Florencia, Colombia ",FLA
"Flores Island, Portugal ",FLW
"Flores, Guatemala ",FRS
"Florianopolis, Brazil ",FLN
"Floro, Norway ",FRO
"Foggia, Italy ",FOG
"Fond du Lac, SK ",ZFD
"Forde, Norway ",FDE
"Formosa, Argentina ",FMA
"Fort Albany, ON ",YFA
"Fort Chipewyan, AB ",YPY
"Fort Collins/Loveland, CO - Bus service ",QWF
"Fort Collins/Loveland, CO - Municipal Airport ",FNL
"Fort Dauphin, Madagascar ",FTU
"Fort De France, Martinique ",FDF
"Fort Dodge, IA ",FOD
"Fort Frances, ON ",YAG
"Fort Good Hope, NT ",YGH
"Fort Hope, ON ",YFH
"Fort Lauderdale, FL ",FLL
"Fort Leonard Wood, MO ",TBN
"Fort Mcmurray, AB ",YMM
"Fort Myers, FL ",RSW
"Fort Nelson, BC ",YYE
"Fort Severn, ON ",YER
"Fort Simpson, NT ",YFS
"Fort Smith, AR ",FSM
"Fort Smith, NT ",YSM
"Fort St John, BC ",YXJ
"Fort Walton Beach, FL ",VPS
"Fort Wayne, IN ",FWA
"Fort Worth/Dallas, TX ",DFW
"Fortaleza, Brazil ",FOR
"Fox Harbour/St Lewis, NL ",YFX
"Franca, Brazil ",FRC
"Franceville, Gabon ",MVB
"Francistown, Botswana ",FRW
"Frankfurt, Germany - Hahn ",HHN
"Frankfurt, Germany - International ",FRA
"Franklin, PA ",FKL
"Fredericia, Denmark ",ZBJ
"Fredericton Junction, NB - Rail service ",XFC
"Fredericton, NB ",YFC
"Freeport, Bahamas ",FPO
"Freetown, Sierra Leone - Lungi Intl ",FNA
"Fresno, CA ",FAT
"Friedrichshafer, Germany ",FDH
"Fuerteventura, Spain ",FUE
"Fukue, Japan ",FUJ
"Fukuoka, Japan ",FUK
"Fukushima, Japan ",FKS
"Funafuti Atol, Tuvalu ",FUN
"Funchal, Portugal ",FNC
"Futuna Island, Vanuatu ",FTA
"Futuna Island, Wallis and Futuna Islands ",FUT
"Fuyang, China ",FUG
"Fuzhou, China ",FOC
"Gaborone, Botswana ",GBE
"Gafsa, Tunisia ",GAF
"Gagnoa, Cote D'Ivoire ",GGN
"Gainesville, FL ",GNV
"Galapagos, Ecuador ",GPS
"Gallivare, Sweden ",GEV
"Gallup, NM ",GUP
"Galway, Ireland ",GWY
"Gamba, Gabon ",GAX
"Gambela, Ethiopia ",GMB
"Gan Island, Maldives ",GAN
"Gander, NL ",YQX
"Gangneung, South Korea ",KAG
"Garachine, Panama ",GHE
"Garaina, Papua New Guinea ",GAR
"Garasa, Papua New Guinea ",GRL
"Garden City, KS ",GCK
"Garden Point, Australia ",GPN
"Garoua, Cameroon ",GOV
"Gary, IN ",GYY
"Gaspe, QC ",YGP
"Gaspe, QC - Rail service ",XDD
"Gassim, Saudi Arabia ",ELQ
"Gaua, Vanuatu ",ZGU
"Gawahati, India ",GAU
"Gaza City, Occupied Palestinian Territory ",GZA
"Gaziatep, Turkey ",GZT
"Gdansk, Poland ",GDN
"Gebe, Indonesia ",GEB
"Gelendzik, Russia ",GDZ
"Geneina, Sudan ",EGN
"General Santos, Philippines ",GES
"Geneva, Switzerland ",GVA
"Genoa, Italy ",GOA
"George Town, Bahamas ",GGT
"George, South Africa ",GRJ
"Georgetown, Guyana ",GEO
"Georgetown, ON - Rail service ",XHM
"Geraldton, Australia, ",GET
"Gerona, Spain ",GRO
"Gethsemani, QC ",ZGS
"Ghadames, Libya ",LTD
"Ghardala, Algeria ",GHA
"Ghat, Libya ",GHT
"Gibraltar, Gibraltar ",GIB
"Gilgit, Pakistan ",GIL
"Gillam, MB ",YGX
"Gillette, WY ",GCC
"Gillies Bay, BC ",YGB
"Gisborne, New Zealand ",GIS
"Gizan, Saudi Arabia ",GIZ
"Gizo, Solomon Islands ",GZO
"Gjoa Haven, NU ",YHK
"Gladewater/Kilgore, TX ",GGG
"Gladstone, Australia ",GLT
"Glasgow, MT ",GGW
"Glasgow, United Kingdom - Glasgow International ",GLA
"Glasgow, United Kingdom - Prestwick ",PIK
"Glen Innes, Australia ",GLI
"Glencoe, ON - Rail service ",XZC
"Glendive, MT ",GDV
"Goa, India ",GOI
"Goba, Ethiopia ",GOB
"Gobernador Gregores, Argentina ",GGS
"Gode/Iddidole, Ethopia ",GDE
"Gods Narrows, MB ",YGO
"Gods River, MB ",ZGI
"Goiania, Brazil ",GYN
"Gold Coast, QL, Australia ",OOL
"Golfito, Costa Rica ",GLF
"Golmud, China ",GOQ
"Golovin, AK ",GLV
"Gonalia, Papua New Guinea ",GOE
"Gondari, Ethiopia ",GDQ
"Goodnews Bay, AK ",GNU
"Goose Bay, NL ",YYR
"Gore, Ethiopia ",GOR
"Goroka, Papua New Guinea ",GKA
"Gorontalo, Indonesia ",GTO
"Gothenburg, Sweden - Landvetter ",GOT
"Gothenburg, Sweden - Saeve ",GSE
"Goulburn Island, Australia ",GBL
"Goundam, Mali ",GUD
"Gove, Australia ",GOV
"Governador Valadares, Brazil ",GVR
"Governors Harbour, Bahamas ",GHB
"Goya, CR, Argentina ",OYA
"Gozo, Malta ",GZM
"Graciosa Island, Portugal ",GRW
"Grafton, Australia ",GFN
"Granada, Spain ",GRX
"Grand Canyon, AZ - Heliport ",JGC
"Grand Canyon, AZ - National Park ",GCN
"Grand Cayman, Cayman Islands ",GCM
"Grand Forks, ND ",GFK
"Grand Island, NE ",GRI
"Grand Junction, CO ",GJT
"Grand Rapids, MI ",GRR
"Grand Rapids, MN ",GPZ
"Grand Turk Island, Turks and Caicos Islands ",GDT
"Grande Prairie, AB ",YQU
"Grayling, AK ",KGX
"Graz, Austria ",GRZ
"Great Falls, MT ",GTF
"Green Bay, WI ",GRB
"Greensboro, NC ",GSO
"Greenville, MS ",GLH
"Greenville, NC ",PGV
"Greenville/Spartanburg, SC ",GSP
"Grenada, Grenada, ",GND
"Grenoble, France ",GNB
"Griffith, Australia ",GFF
"Grimsby, ON ",XGY
"Grimsey, Iceland ",GRY
"Grise Fiord, NU ",YGZ
"Groennedal, Greenland ",JGR
"Groningen, Netherlands ",GRQ
"Groofe Eylandt, Australia ",GTE
"Groton/New London, CT ",GON
"Guadalajara, Mexico ",GDL
Guam ,GUM
"Guanaja, Honduras ",GJA
"Guanajuato, Mexico ",BJX
"Guangzhou, China ",CAN
"Guantanamo, Cuba ",GAO
"Guatemala City, Guatemala ",GUA
"Guayaquil, Ecuador ",GYE
"Guayaramerin, Bolivia ",GYA
"Guaymas, Mexico ",GYM
"Guelph, ON - Rail service ",XIA
"Guernsey, United Kingdom ",GCI
"Guerrero Negro, Mexico ",GUB
"Guilin, China ",KWL
"Guiria, Venezuela ",GUI
"Gulfport, MS ",GPT
"Gulu, Uganda ",ULU
"Gulyang, China ",KWE
"Gunnison, CO ",GUC
"Gunsan, South Korea ",KUV
"Gurayat, Saudi Arabia ",URY
"Gustavus, AK ",GST
"Gwadar, Pakistan ",GWD
"Gwalior, India ",GWL
"Gwangju, South Korea ",KWJ
"Gyandzha, Azerbaijan ",KVD
"Gyourmri, Armenia ",LWN
"HaApa, Tonga ",HPA
"Hachijo Jima, Japan ",HAC
"Hagerstown, MD ",HGR
"Hagfors, Sweden ",HFS
"Haifa, Israel ",HFA
"Haikou, China ",HAK
"Hail, Saudi Arabia ",HAS
"Hailar, China ",HLD
"Hailey, ID ",SUN
"Haines, AK ",HNS
"Haiphong, Viet Nam - Catbi ",HPH
"Hakodate, Japan ",HKD
"Halberstadt, Germany ",ZHQ
"Halifax, NS - International ",YHZ
"Halifax, NS - Rail service ",XDG
"Hall Beach, NU ",YUX
"Halls Creek, Australia ",HCQ
"Halmstad, Sweden ",HAD
"Hamburg, Germany - Fuhisbuettel ",HAM
"Hamburg, Germany - Luebeck ",LBC
"Hamilton Island, Australia ",HTI
"Hamilton, Bermuda ",BDA
"Hamilton, New Zealand ",HLZ
"Hamilton, ON ",YHM
"Hammerfest, Norway ",HFT
"Hampton, VA ",PHF
"Hana, HI - Island of Maui ",HNM
"Hanapepe, HI ",PAK
"Hancock, MI ",CMX
"Hangzhou, China ",HGH
"Hanimaadhoo, Maldives ",HAQ
"Hanoi, Viet Nam - Noibai ",HAN
"Hanover, Germany ",HAJ
"Hanover, NH ",LEB
"Hanzhang, China ",HZG
"Harare, Zimbabwe ",HRE
"Harbin, China ",HRB
"Hargeisa, Somolia ",HGA
"Harlingen, TX ",HRL
"Harrisburg, PA ",MDT
"Harrison, AR ",HRO
"Harstad-Narvik, Norway ",EVE
"Hartford, CT ",BDL
"Hassi Messaoud, Algeria ",HME
"Hasvik, Norway ",HAA
"Hat Yai, Thailand ",HDY
"Hateruma, Japan ",HTR
"Haugesund, Norway ",HAU
"Havana, Cuba ",HAV
"Havasupai, AZ ",HAE
"Havre St Pierre, QC ",YGV
"Havre, MT ",HVR
"Hay River, NT ",YHY
"Hayden, CO ",HDN
"Hayman Island, Australia ",HIS
"Hays, KS ",HYS
"Healy Lake, AK ",HKB
"Hefei, China ",HFE
"Heidelberg, Germany ",HDB
"Helena, MT ",HLN
"Helgoland, Germany ",HGL
"Helsinki, Finland ",HEL
"Hendersonville, NC ",AVL
"Heno, Myanmar ",HEH
"Heraklian, Greece ",HER
"Heringsdorf, Germany ",HDF
"Hermavan, Sweden ",HMV
"Hermosillo, Mexico ",HMO
"Herning, Denmark ",XAK
"Hervey Bay, Australia ",HVB
"Hervey, QC - Rail service ",XDU
"Hibbing/Chisholm, MN ",HIB
"Hickory, NC ",HKY
"High Level, AB ",YOJ
"High Point, NC ",GSO
"Hilo, HI - Island of Hawaii ",ITO
"Hilton Head, SC ",HHH
"Hiroshima, Japan - Hiroshima West ",HIW
"Hiroshima, Japan - International ",HIJ
"Hivaro, Papua New Guinea ",HIT
"Ho Chi Minh City, Viet Nam ",SGN
"Hobart, Australia ",HBA
"Hobbs, NM ",HBB
"Hodeidah, Yemen ",HOD
"Hoedspruit, South Africa ",HDS
"Hof, Germany ",HOQ
"Hofuf, Saudi Arabia ",HOF
"Hohhot, China ",HET
"Hokitika, New Zealand ",HKK
"Holguin, Cuba ",HOG
"Hollis, AK ",HYL
"Holman, NT ",YHI
"Holy Cross, AK ",HCR
"Homer, AK ",HOM
"Hong Kong, Hong Kong ",HKG
"Honiara, Solomon Islands ",HIR
"Honningsvag, Norway ",HVG
"Honolulu, HI - Island of Oahu ",HNL
"Hooker, Australia ",HOK
"Hoolehua, HI - Island of Molokai ",MKK
"Hoonah, AK ",HNH
"Hooper Bay, AK ",HPB
"Hopedale, NL ",YHO
Horn Island Australia ,HID
"Hornafjordur, Iceland ",HFN
"Horta, Portugal ",HOR
"Hoskins, Papua New Guinea ",HKN
"Hot Springs, AR ",HOT
"Hotan, China ",HTN
"Houeisay, Laos ",HOE
"Houn, Libya ",HUQ
"Houston, BC - Bus station ",ZHO
"Houston, TX - All airports ",HOU
"Houston, TX - Hobby ",HOU
"Houston, TX - Intercontinental ",IAH
"Huahine, French Polynesia ",HUH
"Hualien, Taiwan - Phi Bai ",HUN
"Hualtin, Thailand ",HHQ
"Huanuco, French Polynesia ",HUU
"Huargyan, China ",HYN
"Huatulco, Mexico ",HUX
"Hudiksvall, Sweden ",HUV
"Hudson Bay, SK ",YHB
"Hue, Viet Nam ",HUI
"Hughenden, Australia ",HGD
"Hughes, AK ",HUS
"Hultsfred, Sweden ",HLF
"Humberside, United Kingdom ",HUY
"Huntington, WV/Ashland, KY ",HTS
"Huntsville, AL ",HSV
"Hurghada, Egypt ",HRG
"Huron, SD ",HON
"Huslia, AK ",HSL
"Hwange Nat Park, Zimbabwe ",HWN
"Hyannis, MA ",HYA
"Hydaburg, AK ",HYG
"Hyderabad, India ",HYD
"Iasi, Romania ",IAS
"Ibague, Colombia ",IBE
"Ibiza, Spain ",IBZ
"Idaho Falls, ID ",IDA
"Igarka, Russia ",IAA
"Igiugig, AK ",IGG
"Igloolik, NU ",YGT
"Iguassu Falls, PR, Brazil ",IGU
"Iguazu, Argentina ",IGR
"Ihu, Papua New Guinea ",IHU
"Ile Des Pins, New Caledonia ",ILP
"Iles De La Madeleine, QC ",YGR
"Ilford, MB ",ILF
"Ilheus, Brazil ",IOS
"Iliamna, AK ",ILI
"Illaga, Indonesia ",ILA
"Iloilo, Philippines - Mandurriao ",ILO
"Ilu, Indonesia ",IUL
"Ilulissat, Greenland ",JAV
"Imperatriz, Brazil ",IMP
"Imperial, CA ",IPL
"Imphal, India ",IMF
"In Amenas, Algeria ",IAM
"Inagua, Bahamas ",IGA
"Inanwatan, Indonesia ",INX
"Indagen, Papua New Guinea ",IDN
"Indianapolis, IN ",IND
"Indore, India ",IDR
"Ingersoll, ON - Rail service ",XIB
"Innsbruck, Austria ",INN
"Inta, Russia ",INA
"International Falls, MN ",INL
"Inukjuak, QC ",YPH
"Inuvik, NT ",YEV
"Invercargill, New Zealand ",IVC
"Inverell, Australia ",IVR
"Inverness, United Kingdom ",INV
"Inyokern, CA ",IYK
"Ioannina, Greece ",IOA
"Ioma, Papua New Guinea ",IOP
"Ipatinga, Brazil ",IPN
"Ipiales, Colombia ",IPI
"Ipil, Philippines ",IPE
"Ipoh, Malaysia ",IPH
"Ipota, Vanuatu ",IPA
"Iqaluit, NU ",YFB
"Iquique, Chile ",IQQ
"Iquitos, Peru ",IQT
"Irkutsk, Russia ",IKT
"Iron Mountain, MI ",IMT
"Ironwood, MI ",IWD
"Isafjordur, Iceland ",IFJ
"Isfahan, Iran ",IFN
"Ishigakij, Japan ",ISG
"Islamabad, Pakistan ",ISB
Island Lake/Garden Hill ,YIV
"Island Lake/Garden Hill, Canada ",YIV
"Islay, United Kingdom ",ILY
"Isle of Man, United Kingdom ",IOM
"Isles of Scilly, United Kingdom - St Marys ",ISC
"Isles of Scilly, United Kingdom - Tresco ",TSO
"Islip, NY ",ISP
"Istanbul, Turkey ",IST
"Itaituba, Brazil ",ITB
"Ithaca, NY ",ITH
"Itokama, Papua New Guinea ",ITK
"Ivalo, Finland ",IVL
"Ivano-Frankovsk, Ukraine ",IFO
"Ivujivik, QC ",YIK
"Iwami, Japan ",IWJ
"Ixtapa, Mexico ",ZIH
"Ixtepec, Mexico ",IZT
"Izmir, Turkey ",ADB
"Izumo, Japan ",IZO
"Jabor, Marshall Islands ",JAT
"Jacareacanga, Brazil ",JCR
"Jackson Hole, WY ",JAC
"Jackson, MS ",JAN
"Jackson, TN ",MKL
"Jacksonville, FL ",JAX
"Jacksonville, NC ",OAJ
"Jacobabad, Pakistan ",JAG
"Jacquinot Bay, Papua New Guinea ",JAQ
"Jaipur, India ",JAI
"Jakarta, Indonesia ",CGK
"Jalapa, Mexico ",JAL
"Jaluit Island, Marshall Islands ",UIT
Jambi. Indonesia ,DJB
"Jamestown, ND ",JMS
"Jamestown, NY ",JHW
"Jamnagar, India ",JGA
"Janakpur, Nepal ",JKR
"Janesville, WI ",JVL
"Jaque, Panama ",JQE
"Jasper, AB - Rail service ",XDH
"Jayapura, Indonesia ",DJJ
"Jeddah, Saudi Arabia ",JED
"Jeh, Marshall Islands ",JEJ
"Jeju, South Korea - Jeju Airport, metro area ",CJU
"Jerez De La Frontere, Spain ",XRY
"Jersey, United Kingdom ",JER
"Jessore, Bangladesh ",JSR
"Jiamusi, China ",JMU
"Jiayuguan, China ",JGN
"Jijel, Algeria ",GJL
"Jijiga, Ethiopia ",JIJ
"Jimma, Ethiopia ",JIM
"Jinan, China ",TNA
"Jingdezhen, China ",JDZ
"Jinghong, China ",JHG
"Jinja, Uganda ",JIN
"Jinjiang, China ",JJN
"Jinju, South Korea - Sancheon ",HIN
"Jinka, Ethiopia ",BCO
"Jinzhou, China ",JNZ
"Ji-Parana, Brazil ",JPR
"Jiwani, Pakistan ",JIW
"Joao Pessoa, Brazil ",JPA
"Jodhpur, India ",JDH
"Joensuu, Finland ",JOE
"Johannesburg, South Africa ",JNB
"Johnson City, NY ",BGM
"Johnson City, TN ",TRI
"Johnston Island, US Minor Outlying Islands ",JON
"Johnstown, PA ",JST
"Johor, Malaysia ",JHB
"Joinville, Brazil ",JOI
"Joliette, QC - Rail service ",XJL
"Jommu, India ",IXJ
"Jomsom, Nepal ",JMO
"Jonesboro, AR ",JBR
"Jonkoping, Sweden ",JKG
"Jonquiere, QC - Rail service ",XJQ
"Joplin, MO ",JLN
"Jorhat, India ",JRH
"Jose De San Martin, Argentina ",JSM
"Jouf, Saudi Arabia ",AJF
"Juazeiro Do Norte, Brazil ",JDO
"Juist, Germany ",JUI
"Juiz De Fora, Brazil ",JDF
"Jujuy, Argentina ",JUJ
"Julia Creek, Australia ",JCK
"Juliaca, Peru ",JUL
"Juneau, AK ",JNU
"Juzha, China ",JUZ
"Jyvaskyla, Finland ",JYV
"Kaadedhdhoo, Maldives ",KDM
"Kaben, Marshall Islands ",KBT
"Kabri Dar, Ethiopia ",ABK
"Kabul, Afghanistan ",KBL
"Kabwun, Papua New Guinea ",KBM
"Kadanwari, Pakistan ",KCF
"Kadhonoo, Maldives ",KDO
"Kahramanmaras, Turkey ",KCM
"Kahului, HI - Island of Maui, ",OGG
"Kaintiba, Papua New Guinea ",KZF
"Kaitaia, New Zealand ",KAT
"Kajaani, Finland ",KAJ
"Kake, AK ",KAE
"Kakhonak, AK ",KNK
"Kalamazoo, MI ",AZO
"Kalaupapa, HI - Island of Molokai, ",LUP
"Kalbarri, Australia ",KAX
"Kaliningrad, Russia ",KGD
"Kalskag, AK ",KLG
"Kaltag, AK ",KAL
"Kambuaya, Indonesia ",KBX
"Kameshli, Syrian Arab Republic ",KAC
"Kamloops, BC ",YKA
"Kamuela, HI - Island of Hawaii, ",MUE
"Kamur, Indonesia ",KCD
"Kamusi, Papua New Guinea ",KUY
"Kangiqsualujjuaq, QC ",XGR
"Kangiqsujuaq, QC ",YWB
"Kangirsuk, QC ",YKG
"Kano, Nigeria ",KAN
"Kansas City, MO ",MCI
"Kapalua, HI - Island of Maui, ",JHM
"Kapuskasing, ON ",YYU
"Karachi, Pakistan - Quaid-E-Azam International ",KHI
"Kardia, Estonia ",KDL
"Kariba, Zimbabwe ",KAB
"Karlsruhe/Badern Baden, Germany ",FKB
"Karpathos, Greece ",AOK
"Karubaga, Indonesia ",KBF
"Kasaan, AK ",KXA
"Kasaba Bay, Zambia ",ZKB
"Kasabonika, ON ",XKS
"Kasama, Zambia ",KAA
"Kasane, Botswana ",BBK
"Kaschechewan, ON ",ZKE
"Kasigluk, AK ",KUK
"Katherine, NT, Australia ",KTR
"Kathmandu, Nepal ",KTM
"Katowice, Poland ",KTW
"Kauai Island/Lihue, HI ",LIH
"Kaunas, Lithuania ",KUN
"Kavala, Greece ",KVA
"Kavieng, Papua New Guinea ",KVG
"Kawthaung, Myanmar ",KAW
"Kayseri, Turkey ",ASR
"Kazan,, Russia ",KZN
"Kearney, NE ",EAR
"Keene, NH ",EEN
"Keewaywin, ON ",KEW
"Kefallinia, Greece ",EFL
"Kegaska, QC ",ZKG
"Kelowna, BC ",YLW
"Kenai, AK ",ENA
"Kendari, Indonesia ",KDI
"Kenora, ON ",YQK
"Kerkyra, Greece ",CFU
"Ketchikan, AK ",KTN
"Key West, FL ",EYW
"Keystone, CO - Van service ",QKS
"Khajuraho, India ",HJR
"Kharga, Egypt ",UVL
"Kharkov, Ukraine ",HRK
"Khudzhand, Tajikistan ",LBD
"Khuzdar, Pakistan ",KDD
"Kiana, AK ",IAN
"Kiev, Ukraine - Borispol ",KBP
"Kiev, Ukraine - Zhulhany ",IEV
"Kigali, Rwanda ",KGL
"Kigoma, Tanzania ",TKQ
"Kilgore/Gladewater, TX ",GGG
"Kilimanjaro, Tanzania ",JRO
"Killeen, TX ",ILE
Kimmirut/Lake Harbour NU ,YLC
"Kimmirut/Lake Harbour, Canada ",YLC
"King Cove, AK ",KVC
"King Salmon, AK ",AKN
"Kingfisher Lake, ON ",KIF
"Kingman, AZ ",IGM
"Kingsport, TN ",TRI
"Kingston, Jamaica - Norman Manley ",KIN
"Kingston, Jamaica - Tinson ",KTP
"Kingston, ON - Norman Rogers Airport ",YGK
"Kingston, ON - Rail service ",XEG
"Kinshasa, Congo ",FIH
"Kipnuk, AK ",KPN
"Kirakira, Solomon Islands ",IRA
"Kirksville, MO ",IRK
"Kitadaito, Japan ",KTD
"Kitchener, ON ",YKF
"Kittila, Finland ",KTT
"Kiunga, Papua New Guinea ",UNG
"Kivalina, AK ",KVL
"Kiwayu, Kenya ",KWY
"Klamath Falls, OR ",LMT
"Klawock, AK ",KLW
"Klemtu, BC ",YKT
"Knock, Ireland ",NOC
"Knoxville, TN ",TYS
"Kobuk, AK ",OBU
"Kochi, Japan ",KCZ
"Kodiak, AK ",ADQ
"Koh Samui, Thailand ",USM
"Kolkata, India ",CCU
"Kolobrzeg, Poland ",QJY
"Komsomolsk Na Amure, Russia ",KXK
"Kona, HI - Island of Hawaii ",KOA
"Kongiganak, AK ",KKH
"Konya, Turkey ",KYA
"Koror, Palau ",ROR
"Koszalin, Poland ",OSZ
"Kota Bharu, Malaysia ",KBR
"Kota Kinabalu, Malaysia ",BKI
"Kotlik, AK ",KOT
"Kotzebue, AK ",OTZ
"Kowanyama, QL, Australia ",KWM
"Koyukuk, AK ",KYU
"Kozhikode, India ",CCJ
"Krabi, Thailand ",KBV
"Krakow, Poland ",KRK
"Krivoy Rog, Ukraine ",KWG
"Kuala Lumpur, Malaysia ",KUL
"Kuala Terengganu, Malaysia ",TGG
"Kuantan, Malaysia ",KUA
"Kubin Island, QL, Australia ",KUG
"Kuching, Malaysia ",KCH
"Kudat, Malaysia ",KUD
"Kufrah, Libya ",AKF
"Kugaaruk, NU ",YBB
"Kugluktuk/Coppermine, NU ",YCO
"Kulusuk, Greenland ",KUS
"Kumejima, Japan ",UEO
"Kundiawa, Papau New Guinea ",CMU
"Kuopio, Finland ",KUO
"Kuri, Papua New Guinea ",KUQ
"Kushiro, Japan ",KUH
"Kutaisi, Georgia ",KUT
"Kuujjuaq, QC ",YVP
"Kuujjuarapik, QC ",YGW
"Kuusamo, Finland ",KAO
"Kuwait, Kuwait ",KWI
"Kwajalein, Marshall Islands ",KWA
"Kwethluk, AK ",KWT
"Kwigillingok, AK ",KWK
"Kyzyl, Russia ",KYZ
"La Ceiba, Honduras ",LCE
"La Coruna, Spain ",LCG
"La Crosse, WI ",LSE
"La Grande, QC ",YGL
"La Palma, Panama ",PLP
"La Paz, Bolivia ",LPB
"La Paz, Mexico ",LAP
"La Rioja, Argentina ",IRJ
"La Romana, Dominican Republic ",LRM
"La Ronge, SK ",YVC
"La Serena, Chile ",LSC
"La Tabatiere, QC ",ZLT
"La Tuque, QC ",YLQ
"Laayoune, Morocco ",EUN
"Labasa, Fiji ",LBS
"Lablab, Papua New Guinea ",LAB
"Labuan Bajo, Indonesia ",LBJ
"Labuan, Malaysia ",LBU
"Lac Brochet, MB ",XLB
"Lac Edouard, QC - Rail service ",XEE
"Ladysmith, BC - Rail service ",XEH
"Lae Island, Marshall Islands ",LML
"Lae, Papua New Guinea ",LAE
"Lafayette, IN ",LAF
"Lafayette, LA ",LFT
"Lages, SC, Brazil ",LAJ
"Lago Agrio, Ecuador ",LGQ
"Lago Argentina, Argentina ",ING
"Lagos, Nigeria ",LOS
"Lahadbatu, Malaysia ",LDU
"Lahore, Pakistan ",LHE
"Lake Charles, LA ",LCH
"Lake Havasu City, AZ ",HII
"Lake Minchumina, AK ",LMA
"Lakeba, Fiji ",LKB
"Lakselv, Norway ",LKL
"Lalibela, Ethiopia ",LLI
"Lamap, Vanuatu ",LPM
"Lamen Bay, Vanuatu ",LNB
"Lamezia-Terme, Italy ",SUF
"Lampang, Thailand ",LPI
"Lampedusa, Italy ",LMP
"Lamu, Kenya ",LAU
"Lanai City, HI - Island of Lanai ",LNY
"Lancaster, PA ",LNS
"Lands End, United Kingdom ",LEQ
"Langford, BC - Rail service ",XEJ
"Langguri, Indonesia ",LUV
"Langkawi, Malaysia ",LGK
"Lannion, France ",LAI
"Lansdowne House, ON ",YLH
"Lansing, MI ",LAN
"Lanzarote, Spain ",ACE
"Lanzhau, Guinea ",LHW
"Lanzhou, China ",ZGC
"Laoag, Philippines ",LAO
"Lappeenranta, Finland ",LPP
"Laramie, WY ",LAR
"Larantuka, Indonesia ",LKA
"Laredo, TX ",LRD
"Larnaca, Cyprus ",LCA
"Larochelle, France ",LRH
"Las Palmas, Spain ",LPA
"Las Piedras, Venezuela ",LSP
"Las Vegas, NV ",LAS
"Latakia, Syria ",LTK
"Latrobe, PA ",LBE
"Laucala Island, Fiji ",LUC
"Launceston, TS, Australia ",LST
"Laurel, MS ",PIB
"Laverton, WA, Australia ",LVO
"Lawas, Malaysia ",LWY
"Lawton, OK ",LAW
"Le Havre, France ",LEH
"Le Mans, France ",ZLN
"Le Puy, France ",LPY
"Le Touquet, France ",LTQ
"Leaf Rapids, MB ",YLR
"Learmonth, WA, Australia ",LEA
"Lebanon, NH ",LEB
"Leeds, United Kingdom ",LBA
"Legaspi, Philippines ",LGP
"Leh, India ",IXL
"Leinster, WA, Australia ",LER
"Leipzig, Germany ",LEJ
"Leknes, Norway ",LKN
"Lemnos, Greece ",LXS
"Leon, Mexico ",BJX
"Leonora, WA, Australia ",LNO
"Lethbridge, AB ",YQL
"Leticia, Colombia ",LET
"Levelock, AK ",KLL
"Lewisburg, WV ",LWB
"Lewiston, ID ",LWS
"Lewistown, MT ",LWT
"Lexington, KY ",LEX
"Lhasa, China ",LXA
"Lianyungang, China ",LYG
"Liberal, KS ",LBL
"Liberia, Costa Rica ",LIR
"Libreville, Gabon ",LBV
"Lichinga, Mozambique ",VXC
"Liege, Belgium ",LGG
"Lifa, New Caledonia ",LIF
"Lightning Ridge, NS, Australia ",LHG
"Lihir Island, Papua New Guinea ",LNV
"Lihue, HI - Island of Kaui ",LIH
"Lijiang City, China ",LJG
"Likiep Island, Marshall Islands ",LIK
"Lille, France - Lesquin ",LIL
"Lille, France - Rail service ",XDB
"Lilongwe, Malawi ",LLW
"Lima, Peru ",LIM
"Limbang, Malaysia ",LMN
"Limoges, France ",LIG
"Lincoln, NE ",LNK
"Lindeman Island, QL, Australia ",LDC
"Lindi, Tanzania ",LDI
"Linkoping, Sweden ",LPI
"Linyi, China ",LYI
"Linz, Austria ",LNZ
"Lisbon, Portugal ",LIS
"Lismore, NS, Australia ",LSY
"Little Rock, AR ",LIT
"Liuzhou, China ",LZH
"Liverpool, United Kingdom ",LPL
"Livingstone, Zambia ",LVI
"Lizard Island, QL, Australia ",LZR
"Ljubliana, Slovenia ",LJU
"Lloydminister, AB ",YLL
"Lockhart River, Australia ",IRG
"Loen, Marshall Islands ",LOF
"Loja, Ecuador ",LOH
"Lome, Togo ",LFW
"London, ON - Municipal Airport ",YXU
"London, ON - Rail service ",XDQ
"London, United Kingdom - All airports ",LON
"London, United Kingdom - Biggin Hill ",BQH
"London, United Kingdom - Gatwick ",LGW
"London, United Kingdom - Heathrow ",LHR
"London, United Kingdom - London City ",LCY
"London, United Kingdom - Luton ",LTN
"London, United Kingdom - Stansted ",STN
"Londonderry, United Kingdom ",LDY
"London-Paddington, United Kingdom - Rail service ",QQP
"Londrina, PR, Brazil ",LDB
"Long Apung, Indonesia ",LPU
"Long Banga, Malaysia ",LBP
"Long Bawan, Indonesia ",LBW
"Long Beach, CA ",LGB
"Long Island, Australia ",HAP
"Long Island/Deadmans Cay, Bahamas ",LGI
"Long Lellang, Malaysia ",LGL
"Long Seridan, Malaysia ",ODN
"Longana, Vanuatu ",LOD
"Longreach, QL, Australia ",LRE
"Longview, TX ",GGG
"Longyearbyen, Svalbard & Jan Mayen Island ",LYR
"Lonorore, Vanuatu ",LNE
"Lopez Island, WA ",LPS
"Lord Howe Island, NS, Australia ",LDH
"Loreto, Mexico ",LTO
"Lorient, France ",LRT
"Los Angeles, CA ",LAX
"Los Cabos, Mexico ",SJD
"Los Mochis, Mexico ",LMM
"Losuia, Papua New Guinea ",LSA
"Louisville, KY ",SDF
"Lourdes/Tarbes, France ",LDE
"Loveland/Fort Collins, CO - Bus service ",QWF
"Loveland/Fort Collins, CO - Municipal Airport ",FNL
"Lozaro Cardenas, Mexico ",LZC
"Luanda, Angola ",LAD
"Luanda, Angola ",LAD
"Luang Namtha, Laos ",LXG
"Luang Prabang, Laos ",LPQ
"Lubbock, TX ",LBB
"Lucknow, India ",LKO
"Luderitz, Namibia ",LUD
"Lugano, Switzerland ",LUG
"Lugansk, Uganda ",VSG
"Lukla, Nepal ",LUA
"Lulea, Sweden ",LLA
"Lumbashi, Congo ",FBM
"Luoyang, China ",LYA
"Lusaka, Zambia ",LUN
"Lutselke/Snowdrift, NT ",YSG
"Luwuk, Indonesia ",LUW
"Luxembourg, Luxembourg ",LUX
"Luxi, China ",LUM
"Luxor, Egypt ",LXR
"Luzhou, China ",LZO
"Lvov, Ukraine ",LWO
"Lyoksele, Sweden ",LYC
"Lyon, France - Lyon Part-Dieu Rail service ",XYD
"Lyon, France - Satolas ",LYS
"Maastricht, Netherlands ",MST
"Mabuiag Island, QL, Australia ",UBB
"Macapa, AP, Brazil ",MCP
"Macas, Ecuador ",XMS
"Macau, China ",MFM
"Maceio, AL, Brazil ",MCZ
"Machala, Ecuador ",MCH
"Mackay, QL, Australia ",MKY
"Macon, GA ",MCN
"Madang, Papua New Guinea ",MAG
"Madinah, Saudi Arabia ",MED
"Madison, WI ",MSN
"Madras, OR ",MDJ
"Madrid, Spain ",MAD
"Madurai, India ",IXM
"Mae Hong Son, Thailand ",HGN
"Mae Sot, Thailand ",MAQ
"Maewo, Vanuatu ",MWF
"Mafia, Tanzania ",MFA
"Magadan, Russia ",GDX
"Magnitogorsk, Russia ",MQF
"Mahanoro, Madagascar ",VVB
"Mahe Island, Seychelles ",SEZ
"Maintirano, Madagascar ",MXT
"Maio, Cape Verde ",MMO
"Majkin, Marshall Islands ",MJE
"Majunga, Madagascar ",MJN
"Majuro, Marshall Islands ",MAJ
"Makale, Ethiopia ",MQX
"Makhachkala, Russia ",MCX
"Makokou, Gabon ",MKU
"Makung, Taiwan ",MZG
"Malabo, Equatorial Guinea ",SSG
"Malacca, Malaysia ",MKZ
"Malaga, Spain ",AGP
"Malakai, Sudan ",MAK
"Malargue, MD, Argentina ",LGS
"Malatya, Turkey ",MLX
"Male, Maldives ",MLE
"Malindi, Kenya ",MYD
"Malmo, Sweden ",MMX
"Maloelap Island, Marshall Islands ",MAV
"Malololailai, Fiji ",PTF
"Malta, Malta ",MLA
"Mampikony, Madagascar ",WMP
"Mana Island, Fiji ",MNF
"Manado, Indonesia ",MDC
"Managua, Nicaragua ",MGA
"Manakara, Madagascar ",WVK
"Mananara, Madagascar ",WMR
"Manang, Nepal ",NGX
"Mananjary, Madagascar ",MNJ
"Manaus, AM, Brazil ",MAO
"Manchester, NH ",MHT
"Manchester, United Kingdom ",MAN
"Mandalay, Myanmar ",MDL
"Mandritsara, Madagascar ",WMA
"Mangaia Island, Cook Islands ",MGS
"Mangalore, India ",IXE
"Mangrove Cay, Bahamas ",MAY
"Mangu, Zambia ",MNR
"Manguna, Papua New Guinea ",MFO
"Manhattan, KS ",MHK
"Manihi, French Polynesia ",XMH
"Manihiki Island, Cook Islands ",MHX
"Manila, Philippines ",MNL
"Maningrioa, NT, Australia ",MNG
"Manistee, MI ",MBL
"Manizales, Colombia ",MZL
"Manja, Madagascar ",MJA
"Mankato, MN ",MKT
"Manley Hot Springs, AK ",MLY
"Mannheim, Germany ",MHG
"Manokotak, AK ",KMO
"Manokwari, Indonesia ",MKW
"Manston, United Kingdom ",MSE
"Manta, Ecuador ",MEC
"Manus Island, Papua New Guinea ",MAS
"Manzanillo, Cuba ",MZO
"Manzanillo, Mexico ",ZLO
"Manzini, Swaziland ",MTS
"Mao, Chad ",AMO
"Maota Savaii Is, Western Samoa ",MXS
"Maputo, Mozambique ",MPM
"Mar Del Plata, BA, Argentina ",MDQ
"Mara Lodges, Kenya ",MRE
"Maraba, PA, Brazil ",MAB
"Maracaibo, Venezuela ",MAR
"Maracay, Venezuela ",MYC
"Mare, New Caledonia ",MEE
"Margate, South Africa ",MGH
"Maribor, Slovenia ",MBX
"Mariehamn, Finland ",MHQ
"Marietta, OH/Parkersburg, WV ",PKB
"Mariitsoq, Greenland ",JSU
"Marilia, SP, Brazil ",MII
"Maringa, PR, Brazil ",MGF
"Marion, IL ",MWA
"Mariupol, Ukraine ",MPW
"Maroantsetra, Madagascar ",WMN
"Marova, Cameroon ",MVR
"Marquette, MI ",MQT
"Marseille, France ",MRS
"Marsh Harbour, Bahamas ",MHH
"Marshall, AK ",MLL
"Martha's Vineyard, MA ",MVY
"Martinsburg, PA ",AOO
"Marudi, Malaysia ",MUR
"Maryborough, QL, Australia ",MBH
"Mary's Harbour, NL ",YMH
"Masbate, Philippines ",MBT
"Maseru, Lesotho ",MSU
"Mashad, Iran ",MHD
"Mason City, IA ",MCW
"Massena, NY ",MSS
"Matamoros, Mexico ",MAM
"Mataram, Indonesia ",AMI
"Matsumoto, Japan ",MMJ
"Matsuyama, Japan ",MYJ
"Maturin, Venezuela ",MUN
"Maui, HI ",OGG
"Mauke Island, Cook Islands ",MUK
"Maulmyine, Myanmar ",MNU
"Maumere, Indonesia ",MOF
"Maun, Botswana ",MUB
"Maupiti, French Polynesia ",MAU
"Mauritius, Mauritius ",MRU
"Maxville, ON - Rail service ",XID
"Mayaguana, Bahamas ",MYG
"Mayaguez, Puerto Rico ",MAZ
"Mazatlan, Mexico ",MZT
"Mbandaka, Congo ",MDK
"Mbuji Mayi, Congo ",MJM
"Mcallen, TX ",MFE
"Mcarthur River, NT, Australia ",MCV
"Mccook, NE ",MCK
"Mcgrath, AK ",MCG
"Medan, Indonesia ",MES
"Medellin, Colombia - Enrique Olaya Herrera ",EOH
"Medellin, Colombia - Jose Marie Cordova ",MDE
"Medford, OR ",MFR
"Medicine Hat, AB ",YXH
"Meekatharra, WA, Australia ",MKR
"Mehamn, Norway ",MEH
"Meixian, China ",MXZ
"Mejit Island, Marshall Islands ",MJB
"Mekane Selam, Ethiopia ",MKS
"Mekoryuk, AK ",MYU
"Melbourne, FL ",MLB
"Melbourne, Victoria, Australia ",MEL
"Melilla, Spain ",MLN
"Melville, SK - Rail service ",XEK
"Memanbetsu, Japan ",MMB
"Memphis, TN ",MEM
"Mendi, Ethiopia ",NDM
"Mendi, Papua New Guinea ",MDU
"Mendoza, MD, Argentina ",MDZ
"Menorca, Spain ",MAH
"Menyamya, Papua New Guinea ",MYX
"Merauke, Indonesia ",MKQ
"Merave, Sudan ",MWE
"Merced, CA ",MCE
"Merdey, Indonesia ",RDE
"Merida, Mexico ",MID
"Merida, Venezuela ",MRD
"Meridian, MS ",MEI
"Merimbula, NS, Australia ",MIM
"Mersa Matruh, Egypt ",MUH
"Metlakatla, AK ",MTM
"Metz/Nancy, France ",ETZ
"Mexicali, Mexico ",MXL
"Mexico City, Mexico ",MEX
"Meyers Chuck, AK ",WMK
"Mfume, Zambia ",MFU
"Miami, FL - International ",MIA
"Miami, FL - Sea Plane Base ",MPB
"Miandrivazo, Madagascar ",ZVA
"Middle Caicos, Turks and Caicos ",MDS
"Midland, MI ",MBS
"Midland/Odessa, TX ",MAF
"Midway Island, US Minor Outlying Islands ",MDY
"Mikkeli, Finland ",MIK
"Mikonos, Greece ",JMK
"Milan, Italy - Linate ",LIN
"Milan, Italy - Malpensa ",MXP
"Milan, Italy - Orio Al Serio ",BGY
"Milan, Italy - Parma ",PMF
"Mildura, VI, Australia ",MQL
"Miles City, MT ",MLS
"Mili Island, Marshall Islands ",MIJ
"Milingimbi, NT, Australia ",MGT
"Milwaukee, WI ",MKE
"Minami Daito, Japan ",MMD
"Minatitla, Mexico ",MTT
"Mindiptana, Indonesia ",MDP
"Mineralnye Vody, Russia ",MRV
"Minneapolis, MN ",MSP
"Minot, ND ",MOT
"Minsk, Belarus - Minsk International 1 ",MHP
"Minsk, Belarus - Minsk International 2 ",MSQ
"Minto, AK ",MNT
"Miramichi, NB - Rail service ",XEY
"Miri, Malaysia ",MYY
"Mirnyj, Russia ",MJZ
"Misawa, Japan ",MSJ
"Misima Island, Papua New Guinea ",MIS
"Mission, TX ",MFE
"Missoula, MT ",MSO
"Misurata, Libya ",MRA
"Mitiaro Island, Cook Islands ",MOI
"MiyakeJima, Japan ",MYE
"Miyako Jima, Japan ",MMY
"Mizan Teferi, Ethiopia ",MTF
"Mo I Rana, Norway ",MQN
"Moa, Cuba ",MOA
"Moab, UT ",CNY
"Moala, Fiji ",MFJ
"Moanamani, Indonesia ",ONI
"Moanda, Congo ",MNB
"Moanda, Gabon ",MFF
"Mobile, AL ",MOB
"Modesto, CA ",MOD
"Mogadishu, Somalia ",MGQ
"Mohenjodaro, Denmark ",MJD
"Mokpo, South Korea ",MPK
"Mokuti Lodge, Namibia ",OKU
"Molde, Norway ",MOL
"Moline, IL ",MLI
"Mombasa, Kenya ",MBA
"Monastir, Tunisia ",MIR
"Monbetsu, Japan ",MBE
"Monclova, Mexico ",LOV
"Moncton, NB - Airport ",YQM
"Moncton, NB - Rail service ",XDP
"Monkey Mia, WA, Australia ",MJK
"Mono, Solomon Islands ",MNY
"Monroe, LA ",MLU
"Monrovia, Liberia ",ROB
"Mont Joli, QC ",YYY
"Monte Carlo, Monaco ",MCM
"Monte Dourado, PA, Brazil ",MEU
"Montego Bay, Jamaica ",MBJ
"Monterey, CA ",MRY
"Monteria, Colombia ",MTR
"Monterrey, Mexico ",MTY
"Montes Claros, MG, Brazil ",MOC
"Montevideo, Uruguay ",MVD
"Montgomery, AL ",MGM
"Montpellier, France ",MPL
"Montreal, QC - all airports ",YMQ
"Montreal, QC - Dorval ",YUL
"Montreal, QC - Dorval Rail service ",XAX
"Montreal, QC - Downtown Rail service ",YMY
"Montreal, QC - Mirabel ",YMX
"Montreal, QC - St Lambert Rail service ",XLM
"Montrose, CO ",MTJ
"Montserrat, Montserrat ",MNI
"Moorea, French Polynesia ",MOZ
"Moosonee, ON ",YMO
"Mopti, Mali ",MZI
"Mora, Sweden ",MXX
"Morafenobe, Madagascar ",TVA
"Morambe, Madagascar ",MXM
"Moranbah, QL, Australia ",MOV
"Moree, NS, Australia ",MRZ
"Morelia, Mexico ",MLM
"Morgantown, WV ",MGW
"Morioka, Japan ",HNA
"Mornington, QL, Australia ",ONG
"Moro, Papua New Guinea ",MXH
"Morondava, Madagascar ",MOQ
"Moroni, Comoros ",HAH
"Moruya, NS, Australia ",MYA
"Moscow, Russia - all locations ",MOW
"Moscow, Russia - Bykovo ",BKA
"Moscow, Russia - Domodedovo ",DME
"Moscow, Russia - Sheremetyevo ",SVO
"Moscow, Russia - Vnukovo ",VKO
"Moses Lake, WA ",MWH
"Mosjoen, Norway ",MJF
"Mostar, Bosnia and Herzegovina ",OMO
"Mota Lava, Vanuatu ",MTV
"Mouila, Gabon ",MJL
"Mount Cook, New Zealand ",MON
"Mount Gambier, SA, Australia ",MGB
"Mount Hagen, Papua New Guinea ",HGU
"Mount Hotham, VI, Australia ",MHU
"Mount Isa, Australia ",ISA
"Mount Keith, WA, Australia ",WME
"Mount Magnet, WA, Australia ",MMG
"Mount Pleasant, Falkland Islands ",MPN
"Mountain Home, AR ",WMH
"Mountain Village, AK ",MOU
"Mpacha, Namibia ",MPA
"Mtwara, Tanzania ",MYW
"Mucuri, BA, Brazil ",MVS
"Mudanjiang, China ",MDG
"Mudgee, Australia ",DGE
"Muenster, Germany ",FMO
"Mukan, Malaysia ",MKM
"Mulhouse, France ",MLH
"Mulia, Indonesia ",LII
"Multan, Pakistan ",MUX
"Mulu, Malaysia ",MZV
"Mumbai, India ",BOM
"Munda, Solomon Islands ",MUA
"Munich, Germany ",MUC
"Murcia, Spain ",MJV
"Murmansk, Russia ",MMK
"Murray Island, QL, Australia ",MYI
"Mus, Turkey ",MSR
"Muscat, Oman ",MCT
"Muscle Shoals, AL ",MSL
"Muskegon, MI ",MKG
"Muskrat Dam, ON ",MSA
"Musoma, Tanzania ",MUZ
"Muzaffarabad, Pakistan ",MFG
"Mwanza, Tanzania ",MWZ
"Myeik, Myanmar ",MGZ
"Myitkyina, Myanmar ",MYT
"Myrtle Beach, SC ",MYR
"Mytilene, Greece ",MJT
"Mzuzu, Malawi ",ZZU
"Nabire, Indonesia ",NBX
"Nacala, Mozambique ",MNC
"Nadar, Morocco ",NDR
"Nadi, Fiji ",NAN
"Nadym, Russia ",NYM
"Naga, Philippines ",WNP
"Nagasaki, Japan ",NGS
"Nagoya, Japan - Chubu CentrAir Intl ",NGO
"Nagoya, Japan - Nagoya Komaki APT ",NGO
"Nagpur, India ",NAG
"Nain, NL ",YDP
"Nairobi, Kenya - Jomo Kenyatta Intl ",NBO
"Nairobi, Kenya - Wilson ",WIL
"Nakhichevan, Azerbaijan ",NAJ
"Nakhon Ratchosima, Thailand ",NAK
"Nakhon Si Thammarat, Thailand ",NST
"Nakina, ON ",YQN
"Nalchik, Russia ",NAL
"Namangan, Uzbekistan ",NMA
"Namatana, Papua New Guinea ",ATN
"Namorik Island, Marshall Islands ",NDK
"Nampula, Mozambique ",APL
"Namsos, Norway ",OSY
"Namudi, Papua New Guinea ",NDI
"Nan, Thailand ",NNT
"Nanaimo, BC - Cassidy Airport ",YCD
"Nanaimo, BC - Harbour Airport ",ZNA
"Nanchong, China ",NAO
"Nanisivik, NU ",YSR
"Nanking/Nanjing, China ",NKG
"Nanning, China ",NNG
"Nanortalik, Greenland ",JNN
"Nantes, France - Nantes Atlantique ",NTE
"Nantes, France - Rail service ",QJZ
"Nantong, China ",NTG
"Nantucket, MA ",ACK
"Nanyang, China ",NNY
"Nanyuki, Kenya ",NYK
"Napakiak, AK ",WNA
"Napanee, ON - Rail service ",XIF
"Napaskiak, AK ",PKA
"Napier-Hastings, New Zealand ",NPE
"Naples, FL ",APF
"Naples, Italy ",NAP
"Narathiwat, Thailand ",NAW
"Narrabri, NS, Australia ",NAA
"Narsaq, Greenland ",JNS
"Narsarsuaq, Greenland ",UAK
"Narvik, Norway ",NVK
"Naryan-Mar, Russia ",NNM
"Nashville, TN ",BNA
"Nassau, Bahamas - Paradise Island ",NAS
"Natadi, Congo ",MAT
"Natal, RN, Brazil ",NAT
"Natashquan, QC ",YNA
"Naukiti, AK ",NKI
"Nauru Island, Nauru ",INU
"Navegantes, SC, Brazil ",NVT
"Nawabshah, Pakistan ",WNS
"NayUrengoy, Russia ",NUX
"Ndjamena, Chad ",NDJ
"Ndola, Zambia ",NLA
"Neerlerit Inaat, Greenland ",CNP
"Nefteyugansk, Russia ",NFG
"Neghelli, Ethiopia ",EGL
"Negril, Jamaica ",NEG
"Neiva, Colombia ",NVA
"Nejran, Saudi Arabia ",EAM
"Nelso, New Zealand ",NSN
"Nelson Lagoon, AK ",NLG
"Nelspruit, South Africa ",NLP
"Nema, Mauritania ",EMN
"Nemiscau, QC ",YNS
"Neryjungri, Russia ",NER
"Neuquen, NE, Argentina ",NQN
"Nevis, St. Kitts and Nevis ",NEV
"New Carlisle, QC - Rail service ",XEL
"New Chenega, AK ",NCN
"New Haven, CT ",HVN
"New Koliganek, AK ",KGK
New London/Groton ,GON
New London/Groton ,GON
"New Orleans, LA ",MSY
"New Plymouth, New Zealand ",NPL
"New Richmond, QC - Rail service ",XEM
"New Stuyahok, AK ",KNW
"New York, NY - All airports ",NYC
"New York, NY - Kennedy ",JFK
"New York, NY - La Guardia ",LGA
"Newark, NJ ",EWR
"Newburgh/Stewart Field, NY ",SWF
"Newcastle, New South Wales, Australia ",NTL
"Newcastle, New South Wales, Australia - Belmont ",BEO
"Newcastle, United Kingdom ",NCL
"Newman, WA, Australia ",ZNE
"Newport News, VA ",PHF
"Newquay, United Kingdom ",NQY
"Newtok, AK ",WWT
"Ngaoundere, Cameroon ",NGE
"Ngau Island, Fiji ",NGI
"Ngukurr, NT, Australia ",RPM
"Nha Trang, Viet Nam ",NHA
"Niagara Falls, ON - Rail service ",XLV
"Niamey, Niger ",NIM
"Nice, France ",NCE
"Nicosia, Cyprus ",NIC
"Nightmute, AK ",NME
"Nikolai, AK ",NIB
"Nikolski, AK ",IKO
"Nimes, France ",FNI
"Ningbo, China ",NGB
"Nioko, Congo ",NIX
"Niuafo'ou, Tonga ",NFO
"Niuatoputapu, Tonga ",NTT
"Niue Island, Niue ",IUE
"Nizhnevartovsk, Russia ",NJC
"Nizhniy Novgorod, Russia ",GOJ
"Noatak, AK ",WTK
"Nojabrxsk, Russia ",NOJ
"Nome, AK ",OME
"Nondalton, AK ",NNL
"Noorvik, AK ",ORV
"Noranda/Rouyn, QC ",YUY
"Norderney, Germany ",NRD
"Nordholz-Speika, Germany ",NDZ
"Norfolk Island, Norfolk Island ",NLK
"Norfolk, NE ",OFK
"Norfolk, VA ",ORF
"Noril'sk, Russia ",NSK
"Norman Wells, NT ",YVQ
"Normanton, QL, Australia ",NTN
"Norrkoping, Sweden ",NRK
"Norsup, Vanuatu ",NUS
"North Bay, ON ",YYB
"North Bend, OR ",OTH
"North Caicos, Turks and Caicos Islands ",NCA
"North Eleuthera, Bahamas ",ELH
"North Platte, NE ",LBF
"North Ronaldsay, United Kingdom ",NRL
"North Spirit Lake, ON ",YNO
"Northway, AK ",ORT
"Norway House, MB ",YNE
"Norwich, United Kingdom ",NWI
"Nosara Beach, Costa Rica ",NOB
"Nossi-be, Madagascar ",NOS
"Nottingham, United Kingdom ",EMA
"Nouadhiba, Mauritania ",NDB
"Nouakchott, Mauritania ",NKC
"Noumea, New Caledonia - Magenta ",GEA
"Noumea, New Caledonia - Tontouta ",NOU
"Novgorod, Russia ",NVR
"Novokuznetsk, Russia ",NOZ
"Novosibirsk, Russia - Tolmachevo ",OVB
"Nueva Gerona, Cuba ",GER
"Nuevo Laredo, Mexico ",NLD
"Nuiqsut, AK ",NUI
"Nuku Hiva, French Polynesia ",NHV
"Nuku'Alofa, Tonga ",TBU
"Nukus, Uzbekistan ",NCU
"Nulato, AK ",NUL
"Numbulwar, NT, Australia ",NUB
"Nunapitchuk, AK ",NUP
"Nunukan, Indonesia ",NNX
"Nuremberg, Germany ",NUE
"Nuremberg, Germany - Rail service ",ZAQ
"Nuuk, Greenland ",GOH
"Nyala, Sudan ",UYL
"Nyaung, Myanmar ",NYU
"Nyngan, NS, Australia ",NYN
"Oakland, CA ",OAK
"Oaxaca, Mexico ",OAX
"Obano, Indonesia ",OBD
"Obihiro, Japan ",OBO
"Ocho Rios, Jamaica ",OCJ
"Odense, Denmark ",ZBQ
"Odessa, Ukraine ",ODS
"Odessa/Midland, TX ",MAF
"Ogdensburg, NY ",OGS
"Ogoki, ON ",YOG
"Ohrid, Macedonia ",OHD
"Oita, Japan ",OIT
"Okaba, Indonedia ",OKQ
"Okayama, Japan ",OKJ
"Okhotsk, Russia ",OHO
"Okinawa, Japan ",OKA
"Oklahoma City, OK ",OKC
"Okoshiri, Japan ",OIR
"Oksibil, Indonesia ",OKL
"Olbia, Italy ",OLB
"Old Crow, YT ",YOC
"Olpoi, Vanuatu ",OLJ
"Olympic Dam, SA, Australia ",OLP
"Omaha, NE ",OMA
"Omboue, Gabon ",OMB
"Omsk, Russia ",OMS
"Ondangwa, Namibia ",OND
"Ontario, CA ",ONT
"Opapamiska Lake, ON ",YBS
"Oradea, Romania ",OMR
"Oran, Algeria ",ORN
"Orange County, CA ",SNA
"Orange, New South Wales, Australia ",OAG
"Oranjemund, Namibia ",OMD
"Orebro, Sweeden - Obrebro-Bofors ",ORB
"Orenburg, Russia ",REN
"Orlando, FL - Herndon ",ORL
"Orlando, FL - International ",MCO
"Ormara, Pakistan ",ORW
"Ornskoldsvik, Sweden ",OER
"Orsk, Russia ",OSW
"Orsta-Volda, Norway ",HOV
"Osaka, Japan - all airports ",OSA
"Osaka, Japan - Itami ",ITM
"Osaka, Japan - Kansai Intl ",KIX
"Oshawa, ON ",YOO
"Oshima, Japan ",OIM
"Oshkosh, WI ",OSH
"Osijek, Croatia ",OSI
"Oskarshamn, Sweden ",OSK
"Oslo, Norway ",OSL
"Ostersund, Sweden ",OSD
"Ostrava, Czech Republic ",OSR
"Ottawa, ON - International ",YOW
"Ottawa, ON - Rail service ",XDS
"Ottumwa, IA ",OTM
"Otu, Colombia ",OTU
"Ouagadougou, Burkina Faso ",OUA
"Ouargla, Algeria ",OGX
"Ouarzazate, Morocco ",OZZ
"Oudomxay, Laos ",ODY
"Oujda, Morocco ",OUD
"Oulu, Finland ",OUL
"Ouvea, New Caledonia ",UVE
"Ovda, Israel ",VDA
"Owensboro, KY ",OWB
"Oxford House, MB ",YOH
"Oxnard/Ventura, CA ",OXR
"Oyem, Gabon ",OYE
"Paama, Vanuatu ",PBJ
"Paamiut, Greenland ",JFR
"Padang, Indonesia ",PDG
"Paderborn, Germany ",PAD
"Paducah, KY ",PAH
"Page, AZ ",PGA
"Pago Pago, American Samoa ",PPG
"Pakse, Laos ",PKZ
"Pakuashipi, QC ",YIF
"Pakuba, Uganda ",PAF
"Palacios, Honduras ",PCH
"Palang Karaya, Indonesia ",PKY
"Palanga, Lithuania ",PLQ
"Palembang, Indonesia ",PLM
"Palenque, Mexico ",PQM
"Palermo, Sicily, Italy ",PMO
"Palm Springs, CA ",PSP
"Palma Mallorca, Spain and Canary Islands ",PMI
"Palmar, Costa Rica ",PMZ
"Palmas, TO, Brazil ",PMW
"Palmerston North, New Zealand ",PMR
"Palu, Indonesia ",PLW
"Pamplona, Spain ",PNA
"Panama City, FL ",PFN
"Panama City, Panama - Paitilla ",PAC
"Panama City, Panama - Tocumen Intl ",PTY
"Pangkalanboun, Indonesia ",PKN
"Pangkalpinang, Indonesia ",PGK
"Pangnirtung, NU ",YXP
"Panjger, Pakistan ",PJG
"Pantelleria, Italy ",PNL
"Papa Westray, United Kingdom ",PPW
"Papeete, French Polynesia ",PPT
"Paphos, Cyprus ",PFO
"Para Chinar, Pakistan ",PAJ
"Paraburdoo, WA, Australia ",PBO
"Paradise Island, Bahamas ",PID
"Paramaribo, Suriname - Zanderij Intl ",PBM
"Paramaribo, Suriname - Zorg En Hoop ",ORG
"Parana, ER, Argentina ",PRA
"Parasi, Solomon Islands ",PRS
"Parent, QC - Rail service ",XFE
"Paris, France - All airports ",PAR
"Paris, France - Beauvais-Tille ",BVA
"Paris, France - Charles Degaulle ",CDG
"Paris, France - Orly ",ORY
"Parkersburg, WV/Marietta, OH ",PKB
"Parksville, BC - Rail service ",XPB
"Parma/Milan, Italy ",PMF
"Parnaiba, PI, Brazil ",PHB
"Paro, Bhutan ",PBH
"Pasco, WA ",PSC
"Pasni, Pakistan ",PSI
"Paso de Los Libres, Argentina ",AOL
"Passo Fundo, RS, Brazil ",PFB
"Pasto, Colombia ",PSO
"Patna, India ",PAT
"Patras, Greece ",GPA
"Pau, France ",PUF
"Paulatuk, NT ",YPC
"Pavlodar, Kazakhstan ",PWQ
"Peace River, AB ",YPE
"Peawanuck, ON ",YPO
"Pechora, Russia ",PEX
"Pedro Bay, AK ",PDB
"Pekanbaru, Indonesia ",PKU
"Pelican, AK ",PEC
"Pellston, MI ",PLN
"Pelotas, RS, Brazil ",PET
"Pemba, Mozambique ",POL
"Pemba, Tanzania - Wawi ",PMA
"Pembroke, ON ",YTA
"Penang, Malaysia ",PEN
"Pendleton, OR ",PDT
"Penrhyn Island, Cook Islands ",PYE
"Pensacola, FL ",PNS
"Penticton, BC ",YYF
"Penzance, United Kingdom ",PZE
"Peoria, IL ",PIA
"Perce, QC - Rail service ",XFG
"Pereira, Colombia ",PEI
"Perigueux, France ",PGX
"Perito Moreno, SC, Argentina ",PMQ
"Perm, Russia ",PEE
"Perpignan, France ",PGF
"Perryville, AK ",KPV
"Perth, Western Australia, Australia ",PER
"Perugia, Italy ",PEG
"Pescara, Italy ",PSR
"Peshawar, Pakistan ",PEW
"Petersburg, AK ",PSG
"Petrolina, PE, Brazil ",PNZ
"Petropaulousk-Kamchats, Russia ",PKC
"Petrozavodsk, Russia ",PES
"Phalaborwa, South Africa ",PHW
"Philadelphia, PA - International ",PHL
"Philadelphia, PA - Trenton/Mercer NJ ",TTN
"Phitsanulok, Thailand ",PHS
"Phnom Penh, Cambodia ",PNH
"Phoenix, AZ ",PHX
"Phrae, Thailand ",PRH
"Phu Quoc, Viet Nam - Duong Dang ",PQC
"Phuket, Thailand ",HKT
"Pickle Lake, ON ",YPL
"Pico Island, Portugal ",PIX
"Piedras Negras, Mexico ",PDS
"Pierre, SD ",PIR
"Pietermaritzburg, South Africa ",PZB
"Pietersburb, South Africa ",PTG
"Pikangikum, ON ",YPM
"Pilot Point, AK ",PIP
"Pilot Point, AK - Ugashnik Bay ",UGB
"Pilot Station, AK ",PQS
"Pingtung, Taiwan ",PIF
"Pisa, Italy - Gal Galilei ",PSA
"Pittsburgh, PA ",PIT
"Pituffik, Greenland ",THU
"Piura, Peru ",PIU
"Placencia, Belize ",PLJ
"Platinum, AK ",PTU
"Plattsburgh, NY ",PLB
"Pleiku, Viet Nam ",PXU
"Plettenburg Bay, South Africa ",PBZ
"Plymouth, United Kingdom ",PLH
"Pocatello, ID ",PIH
"Podgoriea, Serbia and Montenegro - Golubovci ",TGD
"Pohnpei, Micronesia ",PNI
"Point Baker, AK ",KPB
"Point Hope, AK ",PHO
"Point Lay, AK ",PIZ
"Pointe Noire, Congo ",PNR
"Pointe-a-Pitre, Guadeloupe ",PTP
"Pointe-aux-Trembles, QC - Rail service ",XPX
"Points North Landing, SK ",YNL
"Poitiers, France - Biard ",PIS
"Poitiers, France - Rail service ",XOP
"Pokhara, Nepal ",PKR
"Poltava, Ukraine ",PLV
"Polyarnyj, Russia ",PYJ
"Ponca City, OK ",PNC
"Ponce, Puerto Rico ",PSE
"Ponce, Puerto Rico ",PSE
"Pond Inlet, NU ",YIO
"Ponta Delgada, Portugal ",PDL
"Ponta Pora, MS, Brazil ",PMG
"Pontianak, Indonesia ",PNK
"Poplar Hill, ON ",YHP
"Popondetta, Papua New Guinea ",PNP
"Popraol/Tatry, Slovakia ",TAT
"Porbandar, India ",PBD
"Pori, Finland ",POR
"Porlamar, Venezuela ",PMV
"Port Alberni, BC ",YPB
"Port Alsworth, AK ",PTA
"Port Angeles, WA ",CLM
"Port Antonio, Jamaica ",POT
"Port Arthur/Beaumont, TX ",BPT
"Port Au Prince, Haiti ",PAP
"Port Augusta, SA, Australia ",PUG
"Port Berge, Madagascar ",WPB
"Port Blair, India ",IXZ
"Port Clarence, AK ",KPC
"Port Elizabeth, South Africa ",PLZ
"Port Gentil, Gabon ",POG
"Port Harcourt, Nigeria ",PHC
"Port Hardy, BC ",YZT
"Port Headland, WA, Australia ",PHE
"Port Heiden, AK ",PTH
"Port Hope Simpson, NL ",YHA
"Port Lincoln, SA, Australia ",PLO
"Port Macquarie, NS, Australia ",PQQ
"Port Meiner, QC ",YPN
"Port Moller, AK ",PML
"Port Moresby, Papua New Guinea ",POM
"Port of Spain, Trinidad ",POS
"Port Protection, AK ",PPV
"Port Stanley, Falkland Islands ",PSY
"Port Sudan, Sudan ",PZU
"Port Vila, Vanuatu ",VLI
"Portage Creek, AK ",PCA
"Portland, ME ",PWM
"Portland, OR ",PDX
"Portland, VI, Australia ",PTJ
"Porto Alegre, RS, Brazil ",POA
"Porto Santo, Portugal ",PXO
"Porto Seguro, Brazil ",BPS
"Porto Velho, RO, Brazil ",PVH
"Porto, Portugal ",OPO
"Portoviejo, Ecuador ",PVO
"Portsmouth, NH ",PSM
"Posadas, MI, Argentina ",PSS
"Postville, NL ",YSO
"Poughkeepsie, NY ",POU
"Povungnituk, QC ",YPX
"Powell River, BC ",YPW
"Poza Rico, Mexico ",PAZ
"Poznan, Poland ",POZ
"Prague, Czech Republic ",PRG
"Praia, Cape Verde ",RAI
"Pres. Roque Saenz Pena, CH, Argentina ",PRQ
"Prescott, AZ ",PRC
"Prescott, ON - Rail service ",XII
"Presidente Prudente, SP, Brazil ",PPB
"Presque Isle, ME ",PQI
"Preveza/Lefkas, Greece ",PVK
"Prince Albert, SK ",YPA
"Prince George, BC ",YXS
"Prince George, BC - Rail service ",XDV
"Prince Rupert, BC - Digby Island Airport ",YPR
"Prince Rupert, BC - Rail service ",XDW
"Princeton, WV ",BLF
"Pristina, Serbia and Montenegro ",PRN
"Proserpine, QL, Australia ",PPP
"Providence, RI ",PVD
"Providenciales, Turks and Caicos Islands ",PLS
"Provincetown, MA ",PVC
"Prudhoe Bay/Deadhorse, AK ",SCC
"Pucallpa, Peru ",PCL
"Puebla, Mexico ",PBC
"Pueblo, CO ",PUB
"Puerto Ayacucha, Venezuela ",PYH
"Puerto Berria, Colombia ",PBE
"Puerto del Rosario, Spain ",FUE
"Puerto Deseado, SC, Argentina ",PUD
"Puerto Escondido, Mexico ",PXM
"Puerto Jimenez, Costa Rica ",PJM
"Puerto Lempira, Honduras ",PEU
"Puerto Madryn, CB, Argentina ",PMY
"Puerto Maldonado, Peru ",PEM
"Puerto Montt, Chile ",PMC
"Puerto Ordaz, Venezuela ",PZO
"Puerto Plata, Dominican Republic ",POP
"Puerto Princesa, Philippines ",PPS
"Puerto Suarez, Bolivia ",PSZ
"Puerto Vallarta, Mexico ",PVR
"Pukatawagan, MB - ",XPK
"Pula, Croatia ",PUY
"Pullman, WA ",PUW
"Pune, India ",PNQ
"Punta Arenas, Chile ",PUQ
"Punta Cana, Dominican Republic ",PUJ
"Punta Del Este, Uruguay ",PDP
"Punta Gorda, Belize ",PND
"Punta Islita, Costa Rica ",PBP
"Puttaparthi, India ",PUT
"Putussibau, Indonesia ",PSU
"Pyongyang, North Korea ",FNJ
"Qaisumah, Saudi Arabia ",AQI
"Qaqortoq, Greenland ",JJU
"Qiemo, China ",IQM
"Qikiqtarjuaq, NU ",YVM
"Qingdao, China ",TAO
"Qiqihar, China ",NDG
"Qualicum, BC ",XQU
"Quaqtaq, QC ",YQC
"Quebec, QC - Charny Rail service ",YFZ
"Quebec, QC - International Airport ",YQB
"Quebec, QC - Levis Rail service ",XLK
"Quebec, QC - Quebec Station Rail service ",XLJ
"Quebec, QC - Sainte-Foy Rail service ",XFY
"Queenstown, New Zealand ",ZQN
"Quelimane, Mozambique ",UEL
"Quepos, Costa Rica ",XQP
"Queretaro, Mexico ",QRO
"Quesnel, BC ",YQZ
"Quetta, Pakistan ",UET
"Qui Nhon, Viet Nam ",UIH
"Quibdo, Colombia ",UIB
"Quimper, France ",UIP
"Quincy, IL ",UIN
"Quinhagak, AK ",KWN
"Quipi, QL, Australia ",ULP
"Quito, Ecuador ",UIO
"Rabaraba, Papua New Guinea ",RBP
"Rabat, Morocco ",RBA
"Rabaul, Papua New Guinea ",RAB
"Rach Gia, Viet Nam ",VKG
"Raduzhnyi, Russia ",RAT
"Rae Lakes, NT ",YRA
"Rafha, Saudi Arabia ",RAH
"Rafsanjan, Iran ",RJN
"Raiatea, French Polynesia ",RFP
"Rainbow Lake, AB ",YOP
"Rajkot, India ",RAJ
"Rajshahi, Bangladesh ",RJH
"Raleigh/Durham, NC ",RDU
"Ramato, Solomon Islands ",RBV
"Ramingining, NT, Australia ",RAM
"Rampart, AK ",RMP
"Ranchi, India ",IXR
"Rankin Inlet, NU ",YRT
"Ranong, Thailand ",UNN
"Rapid City, SD ",RAP
"Rarotonga, Cook Islands ",RAR
"Ras Al Khaimah, United Arab Emirates ",RKT
"Rasht, Iran ",RAS
"Ratanakiri, Cambodia ",RBE
"Rawala Kot, Pakistan ",RAZ
"Reading, PA ",RDG
"Rebun, Japan ",RBJ
"Recife, PE, Brazil ",REC
"Reconquista, SF, Argentina ",RCQ
"Red Devil, AK ",RDV
"Red Lake, ON ",YRL
"Red Sucker Lake, MB ",YRS
"Redding, CA ",RDD
"Redmond, OR ",RDM
"Reggio Calabria, Italy ",REG
"Regina, SK ",YQR
"Rennell, Solomon Islands ",RNL
"Rennes, France ",RNS
"Reno, NV ",RNO
"Repulse Bay, NU ",YUT
"Resistencia, CW, Argentina ",RES
"Resolute, NU ",YRB
"Reus, Spain and Canary Islands ",REU
"Reykjavik, Iceland ",KEF
"Reynossa, Mexico ",REX
"Rhinelander, WI, ",RHI
"Rhodes, Gabon ",RHO
"Ribeirao Preto, SP, Brazil ",RAO
"Riberalta, Bolivia ",RIB
"Richards Bay, South Africa ",RCB
"Richmond, QL, Australia ",RCM
"Richmond, VA ",RIC
"Riga, Latvia ",RIX
"Rigolet, NL ",YRG
"Rijeka, Croatia ",RJK
"Rimini, Italy ",RMI
"Rimouski, QC ",YXK
"Rio Branco, AC, Brazil ",RBR
"Rio Cuarto, CD, Argentina ",RCU
"Rio De Janeiro, RJ, Brazil ",GIG
"Rio Gallegos, Argentina - Internacional ",RGL
"Rio Grande, RS, Brazil ",RIG
"Rio Grande, TF, Argentina ",RGA
"Rio Mayo, CB, Argentina ",ROY
"Rio Verde, GO, Brazil ",RVD
"Riohacha, Colombia ",RCH
"Rishiri, Japan ",RIS
"Riverton, WY ",RIW
"Riviere-a-Pierre, QC - Rail service ",XRP
"Riyadh, Saudi Arabia ",RUH
"Riyan Mukalla, Yemen ",RIY
"Roane, France ",RNE
"Roanoke, VA ",ROA
"Roatan, Honduras ",RTB
"Roberval, QC ",YRJ
"Roch Gia, Viet Nam ",VKG
"Roche Harbor, WA ",RCE
"Rochester, MN ",RST
"Rochester, NY ",ROC
"Rock Sound, Bahamas ",RSD
"Rock Springs, WY ",RKS
"Rockford, IL - Park&Ride Bus ",ZRF
"Rockford, IL - Van Galder Bus ",ZRK
"Rockhampton, QL, Australia ",ROK
"Rockland, ME ",RKD
"Rodez, France ",RDZ
"Rodrigues Island, Mauritius ",RRG
"Roervik, Norway ",RVK
"Rognan, Norway ",ZXM
"Roma, QL, Australia ",RMA
"Rome, Italy - All airports ",ROM
"Rome, Italy - Ciampino ",CIA
"Rome, Italy - Leonardo Da Vinci/Fiumicino ",FCO
"Rongelap Island, Marshall Islands ",RNP
"Ronneby, Sweden ",RNB
"Roros, Norway ",RRS
"Rorutu, French Polynesia ",RUR
"Rosario, SF, Argentina ",ROS
"Rosario, WA ",RSJ
"Rosh Pina, Iceland ",RPN
"Rost, Norway ",RET
"Rostock-Laage, Germany ",RLG
"Rostov, Russia ",ROV
"Roswell, NM ",ROW
"Rota, Northern Mariana Islands ",ROP
"Rotorua, New Zealand ",ROT
"Rotterdam, Netherlands ",RTM
"Rouen, France ",URO
"Round Lake, ON ",ZRJ
"Rouyn/Noranda, QC ",YUY
"Rovaniemi, Finland ",RVN
"Ruby, AK ",RBY
"Russian Mission, AK ",RSH
"Rutland, VT ",RUT
"S. Cristobal del Casas, Mexico ",SZT
"Saarbruecken, Germany ",QFZ
"Sachigo Lake, ON ",ZPB
"Sachs Harbour, NT ",YSY
"Sackville, NB - Rail service ",XKV
"Sacramento, CA ",SMF
"Saginaw, MI ",MBS
"Saint Cloud, MN ",STC
"Saint Croix, U.S. Virgin Islands ",STX
"Saint George Island, AK ",STG
"Saint George, UT ",SGU
"Saint Hyacinthe, QC - Rail service ",XIM
"Saint John, NB ",YSJ
"Saint Johns, NL ",YYT
"Saint Leonard, NB ",YSL
"Saint Louis, MO ",STL
"Saint Lucia, ST. LUCIA ",SLU
"Saint Maarten, Netherlands Antilles ",SXM
"Saint Mary's, AK ",KSM
"Saint Michael, AK ",SMK
"Saint Paul Island, AK ",SNP
"Saint Petersburg, Russia - Pulkovo ",LED
"Saint Thomas, U.S. Virgin Islands ",STT
"Saint Tropez, France ",XPZ
"Saint Tropez, France - La Mole ",LTT
"Saipan, Northern Mariana Islands ",SPN
"Sakon Nakhon, Thailand ",SNO
"Salehard, Russia ",SLY
"Salem, OR ",SLE
"Salina, KS ",SLN
"Salisbury-Ocean City, MD ",SBY
"Salluit, QC ",YZG
"Salt Cay, Turks and Caicos Islands ",SLX
"Salt Lake City, UT ",SLC
"Saltillo, Mexico ",SLW
"Salvadore, BA, Brazil ",SSA
"Salzburg, Austria ",SZG
"Samara, Russia ",KUF
"Sambaua, Madagascar ",SVB
"Samburu, Kenya ",UAS
"Samos, Greece ",SMI
"San Andres Island, Colombia ",ADZ
"San Angelo, TX ",SJT
"San Antonio Oesta, RN, Argentina ",OES
"San Antonio, TX ",SAT
"San Antonio, Venezuela ",SVZ
"San Carlos, Argentina ",BRC
"San Diego, CA ",SAN
"San Francisco, CA ",SFO
"San Jose, CA ",SJC
"San Jose, Costa Rica - Juan Santa Maria ",SJO
"San Jose, Costa Rica - Tobias Bolanos Int'l ",SYQ
"San Juan, Puerto Rico ",SJU
"San Juan, Puerto Rico ",SJU
"San Juan, SJ, Argentina ",UAQ
"San Julian, SC, Argentina ",ULA
"San Luis Obispo, CA ",SBP
"San Luis Potosi, Mexico ",SLP
"San Luis, SL, Argentina ",LUQ
"San Marino, San Marino ",SAI
"San Martin De Los Andes, Argentina ",CPC
"San Miguel, Panama ",NMG
"San Pedro Sula, Honduras ",SAP
"San Rafael, Argentina ",AFA
"San Salvador, Bahamas ",ZSA
"San Salvador, El Salvador ",SAL
"San Sebastian, Spain ",EAS
"Sana'a, Yemen ",SAH
"Sand Point, AK ",SDP
"Sanday, United Kingdom ",NDY
"Sandy Lake, ON ",ZSJ
"Sanford, FL ",SFB
"Sanikiluaq, NU ",YSK
"Santa Ana, CA ",SNA
"Santa Ana, Solomon Islands ",NNB
"Santa Barbara, CA ",SBA
"Santa Barbara, Ed, Venezuela ",STB
"Santa Cruz De La Palma, Spain and Canary Islands - La Palma ",SPC
"Santa Cruz, Bolivia ",VVI
"Santa Fe, NM ",SAF
"Santa Maria, Brazil ",RIA
"Santa Maria, CA ",SMX
"Santa Maria, Portugal ",SMA
"Santa Marta, Colombia ",SMR
"Santa Rosa, CA ",STS
"Santa Rosa, LP, Argentina ",RSA
"Santarem, PA, Brazil ",STM
"Sante Marie, Madagascar ",SMS
"Santiago, Chile ",SCL
"Santiago, Dominican Republic ",STI
"Santo Angelo, Brazil ",GEL
"Santo Antao, Cape Verde ",NTO
"Santo Domingo, Dominican Republic - Herrera ",HEX
"Santo Domingo, Dominican Republic - Las Americas ",SDQ
"Santo Domingo, Venezuela ",STD
"Sanya, China ",SYX
"Sao Nicolau, Cape Verde ",SNE
"Sao Paulo, Brazil - Congonhas ",CGH
"Sao Paulo, Brazil - Guarulhos Intl ",GRU
"Sao Paulo, Brazil - Viracopos ",VCP
"Sao Tome Is., Sao Tome and Principe ",TMS
"Sao Vicente, Cape Verde ",VXE
"Sapporo, Japan - Chitose ",CTS
"Sapporo, Japan - Okadama ",OKD
"Sara, Vanuatu ",SSR
"Saranac Lake, NY ",SLK
"Sarasota, FL ",SRQ
"Saratov, Russia ",RTW
"Sarmi, Indonesia ",ZRM
"Sarnia, ON ",YZR
"Sarnia, ON - Rail service ",XDX
"Saskatoon, SK ",YXE
"Satu Mare, Romania ",SUJ
"Satwag, Papua New Guinea ",SWG
"Sau Luiz, MA, Brazil ",SLZ
"Sault Ste Marie, MI, ",CIU
"Sault Ste-Marie, ON ",YAM
"Saumlaki, Indonesia ",SXK
"Savannah, GA ",SAV
"Savannakhet, Laos ",ZVK
"Savonlinna, Finland ",SVL
"Savoonga, AK ",SVA
"Savusavu, Fiji ",SVU
"Sayaboury, Laos ",ZBY
"Scammon Bay, AK ",SCM
"Schefferville, QC ",YKL
"Scottsbluff, NE ",BFF
"Scranton, PA ",AVP
"Seattle, WA - Lake Union SPB ",LKE
"Seattle, WA - Seattle/Tacoma International ",SEA
"Sege, Solomon Islands ",EGM
"Seiyun, Yemen ",GXF
"Selawik, AK ",WLK
"Selje, Norway ",QFK
"Semarang, Indonesia ",SRG
"Senggo, Indonesia ",ZEG
"Senneterre, QC - Rail service ",XFK
"Seoul, South Korea - All Airports ",SEL
"Seoul, South Korea - Gimpo International ",GMP
"Seoul, South Korea - Incheon International ",ICN
"Sept-Iles, QC ",YZV
"Servi, Indonesia ",ZRI
"Sesriem, Namibia ",SZM
"Sevilla, Spain and Canary Islands ",SVQ
"Seward, AK ",SWD
"Shageluk, AK ",SHX
"Shaktoolik, AK ",SKK
"Shamattawa, MB ",ZTM
"Shanghai, China ",PVG
"Shannon, Ireland ",SNN
"Shantou, China ",SWA
"Sharm El Sheikh, Egypt ",SSH
"Shawinigan, QC - Rail service ",XFL
"Shawnigan, BC - Rail service ",XFM
"Sheffield, United Kingdom ",SZD
"Sheffield/Florence/Muscle Shoals, AL ",MSL
"Sheldon Point, AK ",SXP
"Shenzhen, China ",SZX
"Sheridan, WY ",SHR
"Shetland Islands, United Kingdom - Lerwick/Tingwall ",LWK
"Shetland Islands, United Kingdom - Sumburgh ",LSI
"Shillavo, Ethiopia ",HIL
"Shimkent, Kazakhstan ",CIT
"Shiraz, Iran ",SYZ
"Shishmaref, AK ",SHH
"Shonai, Japan ",SYO
"Shreveport, LA ",SHV
"Shungnak, AK ",SHG
"Shute Harbor, Australia ",JHQ
"Siem Reap, Cambodia ",REP
"Silchar, India ",IXS
"Silver City, NM ",SVC
"Simao, China ",SYM
"Sinak, Indonesia ",NKD
"Singapore, Singapore - Changi ",SIN
"Singapore, Singapore - Seletar ",XSP
"Sintang, Indonesia ",SQG
"Sioux City, IA ",SUX
"Sioux Falls, SD ",FSD
"Sioux Lookout, ON ",YXL
"Sisimiut, Greenland ",JHS
"Sitka, AK ",SIT
"Sittwe, Myanmar ",AKY
"Sivas, Turkey ",VAS
"Skagway, AK ",SGY
"Skiathos, Greece ",JSI
"Skopie, Macedonia ",FYROM
"Skovde, Sweden ",KVB
"Skukuza, South Africa ",SZK
"Sleetmore, AK ",SLQ
"Sligo, Ireland ",SXL
"Smith Falls, ON ",YSH
"Smithers, BC ",YYD
"Snare Lake, NT ",YFJ
"Soalala, Madagascar ",DWB
"Soderham, Sweden ",SOO
"Sofia, Bulgaria ",SOF
"Sognolal, Norway ",SOG
"Solo City, Indonesia ",SOC
"Son-La, Viet Nam - Na-San ",SQH
"Sorkjosen, Norway ",SOJ
"Sorocaba, Brazil ",SOD
"South Andros, Bahamas ",TZN
"South Bend, IN ",SBN
"South Caicos, Turks and Caicos Islands ",XSC
"South Hampton, United Kingdom ",SOU
"South Indian Lake, MB ",XSI
"South Molle Island, QL, Australia ",SOI
"South Naknek, AK ",WSN
"Southern Pines, NC ",SOP
"Spartanburg/Greenville, SC ",GSP
"Split, Croatia ",SPU
"Spokane, WA ",GEG
"Spring Point, Bahamas ",AXP
"Springfield, IL ",SPI
"Springfield, MO ",SGF
"Srinagar, India ",SXR
"St Anthony, NL ",YAY
"St Catharines, ON ",YCM
"St Denis de la Reunion, Reunion ",RUN
"St Kitts, St Kitts and Nevis ",SKB
"St Marys, ON - Rail service ",XIO
"St Petersburg/Clearwater, FL ",PIE
"St Pierre, St Pierre and Miquelon ",FSP
"St Vincent, Saint Vincent and the Grenadines ",SVD
"St. Croix Island, U.S. Virgin Islands ",STX
"St. Etienne, France ",EBU
"St. Eustatius, Netherlands Antilles ",EUX
"St. Lucia, St. Lucia ",UVF
"St. Lucia, St. Lucia - Hawnorra ",UVF
"St. Petersburg, Russia ",LED
"St. Pierre de la Reunion, Reunion ",ZSE
"St. Thomas Island, U.S. Virgin Islands ",STT
"State College/University Park, PA ",SCE
"Staunton, VA ",SHD
"Stavanger, Norway ",SVG
"Stavropol, Russia ",STW
"Ste Therese Point, MB ",YST
"Steamboat Springs, CO ",SBS
"Stebbins, AK ",WBB
"Stella Maris, Bahamas ",SML
"Stephenville, NL ",YJT
"Stevens Point/Wausau, WI ",CWA
"Stevens Village, AK ",SVS
"Stewart Field/Newburgh, NY ",SWF
"Stockholm, Sweden - All airports ",STO
"Stockholm, Sweden - Arlanda ",ARN
"Stockholm, Sweden - Bromma ",BMA
"Stockton, CA ",SCK
"Stony Rapids, SK ",YSF
"Stony River, AK ",SRV
"Stornoway, United Kingdom ",SYY
"Storuman, Sweden ",SQO
"Strasbourg, France - Bus service ",XER
"Strasbourg, France - Entzheim ",SXB
"Strathroy, ON - Rail service ",XTY
"Stronsay, United Kingdom ",SOY
"Stung Treng, Cambodia ",TNX
"Stuttgart, Germany - Echterdingen ",STR
"Stuttgart, Germany - Rail service ",ZWS
"Suavanao, Solomon Islands ",VAO
"Sucre, Bolivia ",SRE
"Sudbury, ON ",YSB
"Sudbury, ON - Rail service ",XDY
"Sue Island, QL, Australia ",SYU
"Sui, Pakistan ",SUL
"Sukhotthai, Thailand ",THS
"Summer Beaver, ON ",SUR
"Sun City, South Africa ",NTY
"Sun Valley, ID ",SUN
"Sunshine Coast, QL, Australia ",MCY
"Surabaya, Indonesia ",SUB
"Surat Thani, Thailand ",URT
"Suva, Fiji ",SUV
"Sveg, Sweden ",EVG
"Svolvaer, Norway ",SVJ
"Swan River, MB ",ZJN
"Sydney, New South Wales, Australia ",SYD
"Sydney, NS ",YQY
"Sylhet, Bangladesh ",ZYL
"Syracuse, NY ",SYR
"Szczecin, Poland ",SZZ
"Taba, Egypt ",TCP
"Tabarka, Tunisia ",TBJ
"Tabatinga, AM, Brazil ",TBT
"Tabora, Tanzania ",TBO
"Tabriz, Iran ",TBZ
"Tabubil, Papua New Guinea ",TBG
"Tabuk, Saudi Arabia ",TUU
"Tacheng, China ",TCG
"Tachilek, Myanmar ",THL
"Tacloban, Philippines ",TAC
"Tacna, Peru ",TCQ
"Tadoule Lake, MB ",XTL
"Taichung, Taiwan ",TXG
"Taif, Saudi Arabia ",TIF
"Tainan, Taiwan ",TNN
"Taipei, Taiwan - Chiang Kai Shek ",TPE
"Taipei, Taiwan - Sung Shan ",TSA
"Taitung, Taiwan ",TTT
"Taiyuan, China ",TYN
"Taiz, Yemen ",TAI
"Takotna, AK ",TCT
"Talkeetna, AK ",TKA
"Tallahassee, FL ",TLH
"Tallinn, Estonia ",TLL
"Taloyoak, NU ",YYH
"Tamanrasset, Algeria ",TMR
"Tamarindo, Costa Rica ",TNO
"Tamatave, Madagascar ",TMM
"Tambohorano, Madagascar",WTA
"Tambolaka, Indonesia ",TMC
"Tambor, Costa Rica ",TMU
"Tampa, FL ",TPA
"Tampere, Finland ",TMP
"Tampico, Mexico ",TAM
"Tamworth, NS, Australia ",TMW
"Tanahmerah, Indonesia ",TMH
"Tanana, AK ",TAL
"Tangier, Morocco ",TNG
"Tanjung Pandan, Indonesia ",TJQ
"Tanjung Selor, Indonesia ",TJS
"Tanna, Vanuatu ",TAH
"Taos, NM ",TSM
"Tapachula, Mexico ",TAP
"Tarakan, Indonesia ",TRK
"Taramajma, Japan ",TRA
"Taranto, Italy ",TAR
"Tarapoto, Peru ",TPP
"Tarawa, Kiribati ",TRW
"Taree, NS, Australia ",TRO
"Tari, Papua New Guinea ",TIZ
"Tarija, Bolivia ",TJA
"Tashkent, Uzbekistan ",TAS
"Tasiujuaq, QC ",YTQ
"Tatitlek, AK ",TEK
"Taupo, New Zealand ",TUO
"Tauranga, New Zealand ",TRG
"Taveuni, Fiji ",TVU
"Tawau, Malaysia ",TWU
"Tbessa, Algeria ",TEE
"Tbilisi, Georgia ",TBS
"Tchibanga, Gabon ",TCH
"Te Anau, New Zealand ",TEU
"Teesside, United Kingdom ",MME
"Tefe, AM, Brazil ",TFF
"Tegucigalpa, Honduras ",TGU
"Tehran, Iran - Mehrabad ",THR
"Tekadu, Papua New Guinea ",TKB
"Tel Aviv, Israel ",TLV
"Teller Mission, AK ",KTS
"Telluride, CO ",TEX
"Tembagapura, Indonesia ",TIM
"Teminabuan, Indonesia ",TXM
"Temuco, Chile ",ZCO
"Tenakee Springs, AK ",TKE
"Tenerife, Spain and Canary Islands - Norte Los Rodeos ",TFN
"Tenerife, Spain and the Canary Islands - Sur Reina Sofia ",TFS
"Tennant Creek, NT, Australia ",TCA
"Tepic, Mexico ",TPQ
"Terceira Island, Portugal ",TER
"Teresina, PI, Brazil ",THE
"Termez, Uzbekistan ",TMJ
"Ternate, Indonesia ",TTE
"Terrace, BC ",YXT
"Terre Haute, IN ",HUF
"Tetabedi, Papua New Guinea ",TDB
"Tete, Mozambique ",TET
"Tete-a-La Baleine, QC ",ZTB
"Tetlin, AK ",TEH
"Tetuan, Morocco ",TTU
"Texarkana, AR ",TXK
"Tezpur, India ",TEZ
"Thandwe, Myanmar ",SNW
"Thangool, QL, Australia ",THG
"Thargomindah, QL, Australia ",XTG
"The Bight, Bahamas ",TBI
"The Pas, MB ",YQD
"The Pas, MB - Rail service ",XDZ
"Thessaloniki, Greece ",SKG
"Thicket Portage, MB ",YTD
"Thief River Falls, MN ",TVF
"Thira, Greece ",JTR
"Thiruvananthapuram, India ",TRV
"Thompson, MB ",YTH
"Thorne Bay, AK ",KTB
"Thorshofn, Iceland ",THO
"Thunder Bay, ON ",YQT
"Thursday Island, QL, Australia ",TIS
"Tianjn, China ",TSN
"Tiaret, Algeria ",TID
"Tiga, New Caledonia ",TGJ
"Tijuana, Mexico ",TIJ
"Tikehau Atoll, French Polynesia ",TIH
"Tiksi, Russia ",IKS
"Timaru, New Zealand ",TIU
"Timimoun, Algeria ",TMX
"Timmins, ON ",YTS
"Timosoara, Romania ",TSR
"Tin City, AK ",TNC
"Tindouf, Algeria ",TIN
"Tinian, Northern Mariana Islands ",TIQ
"Tioljikja, Mauritania ",TIY
"Tioman, Malaysia ",TOD
"Tippi, Ethiopia ",TIE
"Tirana, Albania ",TIA
"Tiree, United Kingdom ",TRE
"Tirgu Mures, Romania ",TGM
"Tiruchirapally, India ",TRZ
"Tirupati, India ",TIR
"Tivat, Serbia and Montenegro ",TIV
"Tlemcen, Algeria ",TLM
"Tobago, Trinidad and Tobago ",TAB
"Tobruk, Libya ",TOB
"Tofino, BC, ",YAZ
"Togiak Village, AK ",TOG
"Tok, AK ",TKJ
"Toksook Bay, AK ",OOK
"Tokunoshima, Japan ",TKN
"Tokushima, Japan ",TKS
"Tokyo, Japan - All airports ",TYO
"Tokyo, Japan - Haneda ",HND
"Tokyo, Japan - Narita ",NRT
"Toledo, OH ",TOL
"Toledo, PR, Brazil ",TOW
"Toluco, Mexico ",TLC
"Tom Price, WA, Australia ",TPR
"Tomanggong, Malaysia ",TMG
"Tombouctou, Mali ",TOM
"Tomsk, Russia ",TOF
"Tongliao, China ",TGO
"Tongoa, Vanuatu ",TGH
"Toowoomba, QL, Australia ",TWB
"Topeka, KS ",FOE
"Toronto, ON - Downtown Rail service ",YBZ
"Toronto, ON - Guildwood Rail service ",XLQ
"Toronto, ON - International ",YYZ
"Toronto, ON - Toronto Island Airport ",YTZ
"Torp Airport Oslo, Norway - Sandefjord ",TRF
"Torreon, Mexico ",TRC
"Torres, Vanuatu ",TOH
"Torsby, Sweden ",TYF
"Tortola, British Virgin Islands ",TOV
"Tortoli, Italy ",TTB
"Tortuquero, Costa Rica ",TTQ
"Tottori, Japan ",TTJ
"Touho, New Caledonia ",TOU
"Toulon, France ",TLN
"Toulouse, France ",TLS
"Tours, France ",TUF
"Tours, France - Rail service ",XSH
"Townsville, QL, Australia ",TSV
"Toyama, Japan ",TOY
"Tozeur, Tunisia ",TOE
"Trabzon, Turkey ",TZX
"Trang, Thailand ",TST
"Trapani, Italy ",TPS
"Traralgon, VI, Australia ",TGN
"Traverse City, MI ",TVC
"Treasure Cay, Bahamas ",TCB
"Trelew, CB, Argentina ",REL
"Trenton/Mercer, NJ ",TTN
"Trieste, Italy ",TRS
"Trinidad, Bolivia ",TDD
"Trinidad, Trinidad and Tobago ",POS
"Tripoli, Libya ",TIP
"Trollhattan, Sweden ",THN
"Trombetas, PA, Brazil ",TMT
"Tromso, Norway ",TOS
"Trondheim, Norway ",TRD
"Trujillo, Honduras ",TJI
"Trujillo, Peru ",TRU
"Truk, Micronesia ",TKK
"Truro, NS - Rail service ",XLZ
"Tsaratanana, Madagascar ",TTS
"Tsiroanomandidy, Madagascar ",WTS
"Tsumeb, Namibia ",TSB
"Tsushima, Japan ",TSJ
"Tubuai, French Polynesia ",TUB
"Tucson, AZ ",TUS
"Tucuman, TU, Argentina ",TUC
"Tucupita, Venezuela ",TUV
"Tucurui, PA, Brazil ",TUR
"Tufi, Papua New Guinea ",TFI
"Tuguegarao, Philippines ",TUG
"Tuktoyaktuk, NT ",YUB
"Tulcan, Ecuador ",TUA
"Tulear, Madagascar ",TLE
"Tulita/Fort Norman, NT ",ZFN
"Tulsa, OK ",TUL
"Tuluksak, AK ",TLT
"Tum, Ethiopia ",TUJ
"Tumaco, Colombia ",TCO
"Tumbes, Peru ",TBP
"Tunis, Tunisia ",TUN
"Tuntutuliak, AK ",WTL
"Tununak, AK ",TNK
"Tunxi, China ",TXN
"Tupelo, MS ",TUP
"Turaif, Saudi Arabia ",TUI
"Turbat, Pakistan ",TUK
"Turin, Italy ",TRN
"Turku, Finland ",TKU
"Tuscaloosa, AL ",TCL
"Tuxtla Gutierrez, Mexico ",TGZ
"Twin Falls, ID ",TWF
"Twin Hills, AK ",TWA
"Tyler, TX ",TYR
"Tyumen, Russia ",TJM
"Ube, Japan ",UBJ
"Uberaba, MG, Brazil ",UBA
"Uberlandia, MG, Brazil ",UDI
"Ubon Ratchathani, Thailand ",UBP
"Udaipur, India ",UDR
"Udon Thani, Thailand ",UTH
"Ufa, Russia ",UFA
"Ujae Island, Marshall Islands ",UJE
"Ujung Pandang, Indonesia ",UPG
"Ukhta, Russia ",UCT
"Ulaanbaatar, Mongolia ",ULN
"Ulanhot, China ",HLH
"Ulan-Ude, Russia ",UUD
"Ulei, Vanuatu ",ULB
"Uliastai, Mongolia ",ULY
"Ulithi, Micronesia ",ULI
"Ulsan, South Korea ",USN
"Ulundi, South Africa ",ULD
"Umea, Sweden ",UME
"Umiujag, QC ",YUD
"Umtata, South Africa ",UTT
"Unalakleet, AK ",UNK
"Upernavik, Greenland ",JUV
"Upington, South Africa ",UTN
"Uraj, Russia ",URJ
"Uralsk, Kazakhstan ",URA
"Uranium City, SK ",YBE
"Urbana/Champaign, IL ",CMI
"Urgench, Uzbekistan ",UGC
"Urmieh, Iran ",OMH
"Uroubi, Papua New Guinea ",URU
"Uruapan, Mexico ",UPN
"Uruguaiana, RS, Brazil ",URG
"Urumqi, China ",URC
"Useless Loop, WA, Australia ",USL
"Ushuaia, TF, Argentina ",USH
"Usinsk, Russia ",USK
"Ust-Ilimsk, Russia ",UIK
"Ust-Kamenogorsk, Kazakhstan ",UKK
"Utapao, Thailand ",UTP
"Utica, NY ",UCA
"Utila, Honduras ",UII
"Utirik Island, Marshall Islands ",UTK
"Utopia Creek, AK ",UTO
"Uummannaq, Greeland ",UMD
"Uzhgorod, Ukraine ",UDJ
"V.C. Bird International, Antigua & Barbuda ",ANU
"Vaasa, Finland ",VAA
"Vadodara, India ",BDQ
"Vadso, Norway ",VDS
"Vail, CO - Eagle County Airport ",EGE
"Vail, CO - Van service ",QBF
"Valdez, AK ",VDZ
"Valdivia, Chile ",ZAL
"Val-d'Or, QC ",YVO
"Valdosta, GA ",VLD
"Valencia, Spain ",VLC
"Valencia, Venezuela ",VLN
"Valenciennes, France ",XVS
"Valera, Venezuela ",VLV
"Valesdir, Vanuatu ",VLS
"Valladolid, Spain and Canary Islands ",VLL
"Valledupar, Colombia ",VUP
"Valparaiso, FL ",VPS
"Valverde, Spain and Canary Islands - Hierro ",VDE
"Van, Turkey ",VAN
"Vancouver, BC ",YVR
"Vancouver, BC - Coal Harbour ",CXH
"Vancouver, BC - International ",YVR
"Vancouver, BC - Rail service ",XEA
"Vanimo, Papua New Guinea ",VAI
"Vanuabalavu, Fiji ",VBV
"Varadero, Cuba ",VRA
"Varanasi, India ",VNS
"Vardoe, Norway ",VAW
"Varginha, MG, Brazil ",VAG
"Varkaus, Finland ",VRK
"Varna, Bulgaria ",VAR
"Vasteras, Sweden ",VST
"Vatomatry, Madagascar ",VAT
"Vava'u, Tonga ",VAV
"Vaxjo, Sweden ",VXO
"Venetie, AK ",VEE
"Venice, Italy - Marco Polo ",VCE
"Venice, Italy - Treviso ",TSF
"Ventura/Oxnard, CA ",OXR
"Veracruz, Mexico ",VER
"Vernal, UT ",VEL
"Verona, Italy ",VRN
"Vestmannaeyjar, Iceland ",VEY
"Victoria Falls, Zimbabwe ",VFA
"Victoria River Downs, NT, Australia ",VCD
"Victoria, BC - Inner Harbor ",YWH
"Victoria, BC - International ",YYJ
"Victoria, TX ",VCT
"Viedma, RN, Argentina ",VDM
"Vienna, Austria ",VIE
"Vientiane, Laos - Wattay ",VTE
"Vieques, Puerto Rico ",VQS
"Vigo, Spain ",VGO
"Vilanculos, Mozambique ",VNX
"Vilhelmina, Sweden ",VHM
"Vilhena, Brazil ",BVH
"Villa Gesell, BA, Argentina ",VLG
"Villa Mercedes, SL, Argentina ",VME
"Villahermosa, Mexico ",VSA
"Vilnius, Lithuania ",VNO
"Vinh City, Viet Nam ",VII
"Virgin Gorda, British Virgin Islands ",VIJ
"Visalia, CA ",VIS
"Visby, Sweden ",VBY
"Vishakhapatnam, India ",VTZ
"Vitebsk, Belarus ",VTB
"Vitoria da Conquista, BA, Brazil ",VDC
"Vitoria, Spain and Canary Islands ",VIT
"Vivigani, Papua New Guinea ",VIV
"Vladikavkaz, Russia ",OGZ
"Vladivostok, Russia ",VVO
"Vohemar, Madagascar ",VOH
"Volgodonsk, Russia ",VLK
"Volgograd, Russia ",VOG
"Vopnafjordur, Iceland ",VPN
"Vorkuta, Russia ",VKT
"Voronezh, Russia ",VOZ
"Wabush, NL ",YWK
"Waco, TX ",ACT
"Wadi Ad Dawasir, Saudi Arabia ",WAE
"Wadi Halfa, Sudan ",WHF
"Wagethe, Indonesia ",WET
"Wagga Wagga, NS, Australia ",WGA
"Wahai, Indonesia ",WBA
"Waingapo, Indonesia ",WGP
"Wainwright, AK ",AIN
"Wakkanai, Japan ",WKJ
"Walaha, Vanuatu ",WLH
"Wales, AK ",WAA
"Walgett, NS, Australia ",WGE
"Walla Walla, WA ",ALW
"Wallis Island, Wallis and Futuna Islands ",WLS
"Walvis Bay, Namibia ",WVB
"Wamena, Indonesia ",WMX
"Wanaka, New Zealand ",WKA
"Wanganui, New Zealand ",WAG
"Wangerooge, Germany ",AGE
"Wanigela, Papua New Guinea ",AGL
"Wanxian, China ",WXN
"Warsaw, Poland ",WAW
Washington DC - All airports ,WAS
Washington DC - Dulles ,IAD
Washington DC - National ,DCA
"Wasior, Indonesia ",WSR
"Waskaganish, QC ",YKQ
"Wasu, Papua New Guinea ",WSU
"Waterfall, AK ",KWF
"Waterford, Ireland ",WAT
"Waterloo, IA ",ALO
"Watertown, NY ",ART
"Watertown, SD ",ATY
"Watford, ON - Rail service ",XWA
"Wau, Papua New Guinea ",WUG
"Wau, Sudan ",WUU
"Wausau/Stevens Point, WI ",CWA
"Webequie, ON ",YWP
"Wedau, Papua New Guinea ",WED
"Wedjh, Saudi Arabia ",EJH
"Weihai, China ",WEH
"Weipa, QL, Australia ",WEI
"Wellington, New Zealand ",WLG
"Wemindji, QC ",YNC
"Wenatchee, WA ",EAT
"Wenzhou, China ",WNZ
"West Palm Beach, FL ",PBI
"West Yellowstone, MT ",WYS
"Westchester County, NY ",HPN
"Westerland, Germany ",GWT
"Westerly, RI ",WST
"Westport, New Zealand ",WSZ
"Westray, United Kingdom ",WRY
"Westsound, WA ",WSX
"Wewak, Papua New Guinea ",WWK
"Weymont, QC - Rail service ",XFQ
"Wha Ti/Lac La Martre, NT ",YLE
"Whakatane, New Zealand ",WHK
"Whale Cove, NU ",YXN
"Whale Pass, AK ",WWP
"Whangarei, New Zealand ",WRE
"White Mountain, AK ",WMO
"White River, ON ",YWR
"White River, VT ",LEB
"Whitehorse, YT ",YXY
"Whyalla, SA, Australia ",WYA
"Wichita Falls, TX ",SPS
"Wichita, KS ",ICT
"Wick, United Kingdom ",WIC
"Wilhelmshaven, Germany ",WVN
"Wilkes Barre, PA ",AVP
"Williams Harbour, NL ",YWM
"Williams Lake, BC ",YWL
"Williamsburg, VA ",PHF
"Williamsport, PA ",IPT
"Williston, ND ",ISN
"Wilmington, NC ",ILM
"Wiluna, WA, Australia ",WUN
"Windarra, QL, Australia ",WNR
"Windsor Locks, CT ",BDL
"Windsor, ON ",YQG
"Windsor, ON - Rail service ",XEC
"Winnipeg, MB - International ",YWG
"Winnipeg, MB - Rail service ",XEF
"Winton, QL, Australia ",WIN
"Woja, Marshall Islands ",WJA
"Wollaston Lake, SK ",ZWL
"Wonan, Taiwan ",WOT
"WonJu, South Korea ",WJU
"Woodstock, ON - Rail service ",XIP
"Worcester, MA ",ORH
"Worland, WY ",WRL
"Wotho Island, Marshall Islands ",WTO
"Wotje Island, Marshall Islands ",WTE
"Wrangell, AK ",WRG
"Wroclaw, Poland ",WRO
"Wudinna, SA, Australia ",WUD
"Wuhan, China ",WUH
"Wunnummin Lake, ON ",WNN
"Wuyishan, China ",WUS
"Wyndham, WA, Australia ",WYN
"Wyoming, ON - Rail service ",XWY
"Xi An, China - Xianyang ",XIY
"Xiamen, China ",XMN
"Xiangfan, China ",XFN
"Xichang, China ",XIC
"Xieng Khouang, Laos ",XKH
"Xilinhot, China ",XIL
"Xining, China ",XNN
"Xuzhou, China ",XUZ
"Yakima, WA ",YKM
"Yakutat, AK ",YAK
"Yakutsk, Russia ",YKS
"Yalumet, Papua New Guinea ",KYX
"Yam Island, QL, Australia ",XMY
"Yamagata, Japan ",GAJ
"Yan'an, China ",ENY
"Yanbu, Saudi Arabia ",YNB
"Yancheng, China ",YNZ
"Yandina, Solomon Islands ",XYA
"Yangon, Myanmar ",RGN
"Yanji, China ",YNJ
"Yantai, China ",YNT
"Yaounde, Cameroon ",YAO
"Yap, Micronesia ",YAP
"Yarmouth, NS ",YQI
"Yaroslavl, Russia ",IAR
"Yazd, Iran ",AZD
"Yelimane, Mali ",EYL
"Yellowknife, NT ",YZF
"Yellowstone/Cody, WY ",COD
"Yeosu, South Korea ",RSU
"Yerevan, Armenia ",EVN
"Yibin, China ",YBP
"Yichang, China ",YIH
"Yinchuan, China ",INC
"Yining, China ",YIN
"Yiwu, China ",YIW
"Yogyakarta, Indonesia ",JOG
"Yonago, Japan ",YGJ
"Yonaguni Jima, Japan ",OGN
"York Landing, MB ",ZAC
"Yorke Island, QL, Australia ",OKR
"Yoronjima, Japan ",RNJ
"Youngstown, OH ",YNG
"Yulin, China ",UYN
"Yuma, AZ ",YUM
"Yuzhno-Sakhalinsk, Russia ",UUS
"Zadar, Croatia ",ZAD
"Zagreb, Croatia ",ZAG
"Zahedan, Iran ",ZAH
"Zakinthos Island, Greece ",ZTH
"Zamboanga, Philippines ",ZAM
"Zanzibar, Tanzania - Kisauni ",ZNZ
"Zaporozhye, Ukraine ",OZH
"Zaragoza, Spain and Canary Islands ",ZAZ
"Zhanjiang, China ",ZHA
"Zhaotong, China ",ZAT
"Zhengzha, China ",CGO
"Zhob, Pakistan ",PZH
"Zhoushan, China ",HSN
"Zhuhai, China ",ZUH
"Zielana, Poland ",IEG
"Zihuatanejo/Ixtapa, Mexico ",ZIH
"Zouerate, Mauritania ",OUZ
"Zugapa, Indonesia ",UGU
"Zurich, Switzerland ",ZRH
